#
# There is insufficient memory for the Java Runtime Environment to continue.
# Native memory allocation (mmap) failed to map 1048576 bytes. Error detail: G1 virtual space
# Possible reasons:
#   The system is out of physical RAM or swap space
#   This process is running with CompressedOops enabled, and the Java Heap may be blocking the growth of the native heap
# Possible solutions:
#   Reduce memory load on the system
#   Increase physical memory or swap space
#   Check if swap backing store is full
#   Decrease Java heap size (-Xmx/-Xms)
#   Decrease number of Java threads
#   Decrease Java thread stack sizes (-Xss)
#   Set larger code cache with -XX:ReservedCodeCacheSize=
#   JVM is running with Unscaled Compressed Oops mode in which the Java heap is
#     placed in the first 4GB address space. The Java Heap base address is the
#     maximum limit for the native heap growth. Please use -XX:HeapBaseMinAddress
#     to set the Java Heap base and to place the Java Heap above 4GB virtual address.
# This output file may be truncated or incomplete.
#
#  Out of Memory Error (os_windows.cpp:3898), pid=984, tid=3664
#
# JRE version: OpenJDK Runtime Environment (21.0.7) (build 21.0.7+-13880790-b1038.58)
# Java VM: OpenJDK 64-Bit Server VM (21.0.7+-13880790-b1038.58, mixed mode, tiered, compressed oops, compressed class ptrs, g1 gc, windows-amd64)
# No core dump will be written. Minidumps are not enabled by default on client versions of Windows
#

---------------  S U M M A R Y ------------

Command Line: --add-opens=java.base/java.lang=ALL-UNNAMED --add-opens=java.base/java.lang.invoke=ALL-UNNAMED --add-opens=java.base/java.util=ALL-UNNAMED --add-opens=java.prefs/java.util.prefs=ALL-UNNAMED --add-exports=jdk.compiler/com.sun.tools.javac.api=ALL-UNNAMED --add-exports=jdk.compiler/com.sun.tools.javac.util=ALL-UNNAMED --add-opens=java.base/java.util=ALL-UNNAMED --add-opens=java.prefs/java.util.prefs=ALL-UNNAMED --add-opens=java.base/java.nio.charset=ALL-UNNAMED --add-opens=java.base/java.net=ALL-UNNAMED --add-opens=java.base/java.util.concurrent.atomic=ALL-UNNAMED --add-opens=java.xml/javax.xml.namespace=ALL-UNNAMED -Xmx2048m -Dfile.encoding=UTF-8 -Duser.country=RU -Duser.language=ru -Duser.variant -javaagent:C:\Users\ой\.gradle\wrapper\dists\gradle-8.13-bin\5xuhj0ry160q40clulazy9h7d\gradle-8.13\lib\agents\gradle-instrumentation-agent-8.13.jar org.gradle.launcher.daemon.bootstrap.GradleDaemon 8.13

Host: AMD Ryzen 5 2600 Six-Core Processor            , 12 cores, 15G,  Windows 10 , 64 bit Build 19041 (10.0.19041.5915)
Time: Sun Nov 16 01:58:02 2025  Windows 10 , 64 bit Build 19041 (10.0.19041.5915) elapsed time: 5742.110702 seconds (0d 1h 35m 42s)

---------------  T H R E A D  ---------------

Current thread (0x000002796a3047c0):  WorkerThread "GC Thread#9"    [id=3664, stack(0x0000008481000000,0x0000008481100000) (1024K)]

Stack: [0x0000008481000000,0x0000008481100000]
Native frames: (J=compiled Java code, j=interpreted, Vv=VM code, C=native code)
V  [jvm.dll+0x6d25c9]
V  [jvm.dll+0x860923]
V  [jvm.dll+0x862e7e]
V  [jvm.dll+0x863563]
V  [jvm.dll+0x27f156]
V  [jvm.dll+0x6ceee5]
V  [jvm.dll+0x6c29aa]
V  [jvm.dll+0x355ebb]
V  [jvm.dll+0x35db16]
V  [jvm.dll+0x3af81b]
V  [jvm.dll+0x3afed4]
V  [jvm.dll+0x3aff9d]
V  [jvm.dll+0x329d1c]
V  [jvm.dll+0x329a78]
V  [jvm.dll+0x318656]
V  [jvm.dll+0x3194ea]
V  [jvm.dll+0x319997]
V  [jvm.dll+0x31934e]
V  [jvm.dll+0x357d4a]
V  [jvm.dll+0x3580c6]
V  [jvm.dll+0x35920a]
V  [jvm.dll+0x3558ce]
V  [jvm.dll+0x36291c]
V  [jvm.dll+0x3645e9]
V  [jvm.dll+0x362e0a]
V  [jvm.dll+0x364261]
V  [jvm.dll+0x36e963]
V  [jvm.dll+0x36eaab]
V  [jvm.dll+0x88e604]
V  [jvm.dll+0x808d08]
V  [jvm.dll+0x6d0e1d]
C  [ucrtbase.dll+0x21bb2]
C  [KERNEL32.DLL+0x17374]
C  [ntdll.dll+0x4cc91]


---------------  P R O C E S S  ---------------

Threads class SMR info:
_java_thread_list=0x000002796f6ea0c0, length=78, elements={
0x000002794a422170, 0x00000279644229d0, 0x000002796443b710, 0x000002796443c520,
0x000002796443f5a0, 0x0000027964440000, 0x000002796443d720, 0x0000027964452bf0,
0x000002796445a8e0, 0x000002796445bb20, 0x000002796474e080, 0x000002796a2e76d0,
0x000002796a4bd7a0, 0x000002796a2be2e0, 0x00000279646f0f80, 0x00000279646f1610,
0x00000279646f1ca0, 0x000002796a8ea2d0, 0x000002796a8f1260, 0x000002796a8efeb0,
0x000002796a8eeb00, 0x000002796a8ec3a0, 0x000002796a8f0540, 0x000002796bbfffb0,
0x000002796bc00640, 0x000002796bc00cd0, 0x000002796bbfb780, 0x000002796bbfe570,
0x000002796e11d7a0, 0x000002790fcfd330, 0x000002790fcfe050, 0x000002790fd00e40,
0x000002790fcfd9c0, 0x000002796f74fd80, 0x0000027908c9b540, 0x0000027908c9a190,
0x0000027908c9a820, 0x00000279074e2020, 0x00000279074e26b0, 0x00000279074e33d0,
0x0000027978d72c80, 0x0000027978d739a0, 0x000002796e45d6c0, 0x000002796e45bc80,
0x000002796f7545b0, 0x000002796f751130, 0x000002796e45dd50, 0x0000027970a35a80,
0x000002797745ffc0, 0x000002796e45ea70, 0x0000027970a346d0, 0x0000027970a3fe90,
0x0000027970a3ca10, 0x0000027970a41240, 0x0000027970a3f170, 0x0000027970a3d0a0,
0x0000027970a3d730, 0x000002796f7524e0, 0x000002796e45c310, 0x0000027970a3f800,
0x000002790c5e2ee0, 0x000002790c5e21c0, 0x0000027976663720, 0x000002790fcff400,
0x000002790fcfb8f0, 0x000002790fcfa540, 0x0000027976664ad0, 0x00000279764526a0,
0x0000027976663090, 0x000002796e8ef480, 0x00000279774596c0, 0x0000027978d74030,
0x000002790fcfe6e0, 0x0000027976452d30, 0x00000279764533c0, 0x000002796e8f01a0,
0x000002797745b100, 0x000002797644ff40
}

Java Threads: ( => current thread )
  0x000002794a422170 JavaThread "main"                              [_thread_blocked, id=13352, stack(0x00000084feb00000,0x00000084fec00000) (1024K)]
  0x00000279644229d0 JavaThread "Common-Cleaner"             daemon [_thread_blocked, id=1920, stack(0x00000084ff300000,0x00000084ff400000) (1024K)]
  0x000002796443b710 JavaThread "Reference Handler"          daemon [_thread_blocked, id=2036, stack(0x00000084ff400000,0x00000084ff500000) (1024K)]
  0x000002796443c520 JavaThread "Finalizer"                  daemon [_thread_blocked, id=15144, stack(0x00000084ff500000,0x00000084ff600000) (1024K)]
  0x000002796443f5a0 JavaThread "Signal Dispatcher"          daemon [_thread_blocked, id=12948, stack(0x00000084ff600000,0x00000084ff700000) (1024K)]
  0x0000027964440000 JavaThread "Attach Listener"            daemon [_thread_blocked, id=5572, stack(0x00000084ff700000,0x00000084ff800000) (1024K)]
  0x000002796443d720 JavaThread "Service Thread"             daemon [_thread_blocked, id=10968, stack(0x00000084ff800000,0x00000084ff900000) (1024K)]
  0x0000027964452bf0 JavaThread "Monitor Deflation Thread"   daemon [_thread_blocked, id=16112, stack(0x00000084ff900000,0x00000084ffa00000) (1024K)]
  0x000002796445a8e0 JavaThread "C2 CompilerThread0"         daemon [_thread_blocked, id=6772, stack(0x00000084ffa00000,0x00000084ffb00000) (1024K)]
  0x000002796445bb20 JavaThread "C1 CompilerThread0"         daemon [_thread_blocked, id=6272, stack(0x00000084ffb00000,0x00000084ffc00000) (1024K)]
  0x000002796474e080 JavaThread "Notification Thread"        daemon [_thread_blocked, id=9460, stack(0x00000084ffc00000,0x00000084ffd00000) (1024K)]
  0x000002796a2e76d0 JavaThread "Daemon health stats"               [_thread_blocked, id=284, stack(0x0000008480300000,0x0000008480400000) (1024K)]
  0x000002796a4bd7a0 JavaThread "Incoming local TCP Connector on port 58639"        [_thread_in_native, id=14148, stack(0x0000008480400000,0x0000008480500000) (1024K)]
  0x000002796a2be2e0 JavaThread "Daemon periodic checks"            [_thread_blocked, id=14736, stack(0x0000008480500000,0x0000008480600000) (1024K)]
  0x00000279646f0f80 JavaThread "Cache worker for journal cache (C:\Users\п÷п \.gradle\caches\journal-1)"        [_thread_blocked, id=14236, stack(0x0000008481300000,0x0000008481400000) (1024K)]
  0x00000279646f1610 JavaThread "File lock request listener"        [_thread_in_native, id=3948, stack(0x0000008481400000,0x0000008481500000) (1024K)]
  0x00000279646f1ca0 JavaThread "Cache worker for file hash cache (C:\Users\п÷п \.gradle\caches\8.13\fileHashes)"        [_thread_blocked, id=14844, stack(0x0000008481500000,0x0000008481600000) (1024K)]
  0x000002796a8ea2d0 JavaThread "File watcher server"        daemon [_thread_blocked, id=9716, stack(0x0000008481900000,0x0000008481a00000) (1024K)]
  0x000002796a8f1260 JavaThread "File watcher consumer"      daemon [_thread_blocked, id=836, stack(0x0000008481a00000,0x0000008481b00000) (1024K)]
  0x000002796a8efeb0 JavaThread "jar transforms"                    [_thread_blocked, id=13728, stack(0x0000008481b00000,0x0000008481c00000) (1024K)]
  0x000002796a8eeb00 JavaThread "jar transforms Thread 2"           [_thread_blocked, id=13360, stack(0x0000008481c00000,0x0000008481d00000) (1024K)]
  0x000002796a8ec3a0 JavaThread "Cache worker for file content cache (C:\Users\п÷п \.gradle\caches\8.13\fileContent)"        [_thread_blocked, id=2084, stack(0x0000008481e00000,0x0000008481f00000) (1024K)]
  0x000002796a8f0540 JavaThread "jar transforms Thread 3"           [_thread_blocked, id=10024, stack(0x0000008481600000,0x0000008481700000) (1024K)]
  0x000002796bbfffb0 JavaThread "jar transforms Thread 4"           [_thread_blocked, id=4832, stack(0x0000008482a00000,0x0000008482b00000) (1024K)]
  0x000002796bc00640 JavaThread "jar transforms Thread 5"           [_thread_blocked, id=5520, stack(0x0000008482b00000,0x0000008482c00000) (1024K)]
  0x000002796bc00cd0 JavaThread "jar transforms Thread 6"           [_thread_blocked, id=7088, stack(0x0000008483000000,0x0000008483100000) (1024K)]
  0x000002796bbfb780 JavaThread "jar transforms Thread 7"           [_thread_blocked, id=15288, stack(0x0000008483100000,0x0000008483200000) (1024K)]
  0x000002796bbfe570 JavaThread "jar transforms Thread 8"           [_thread_blocked, id=15448, stack(0x0000008483200000,0x0000008483300000) (1024K)]
  0x000002796e11d7a0 JavaThread "Memory manager"                    [_thread_blocked, id=13432, stack(0x0000008485600000,0x0000008485700000) (1024K)]
  0x000002790fcfd330 JavaThread "RMI Scheduler(0)"           daemon [_thread_blocked, id=16276, stack(0x000000848c400000,0x000000848c500000) (1024K)]
  0x000002790fcfe050 JavaThread "RMI GC Daemon"              daemon [_thread_blocked, id=16236, stack(0x000000848d200000,0x000000848d300000) (1024K)]
  0x000002790fd00e40 JavaThread "RMI TCP Accept-0"           daemon [_thread_in_native, id=3020, stack(0x000000848d300000,0x000000848d400000) (1024K)]
  0x000002790fcfd9c0 JavaThread "RMI Reaper"                        [_thread_blocked, id=15708, stack(0x000000848d400000,0x000000848d500000) (1024K)]
  0x000002796f74fd80 JavaThread "Daemon Thread 26"                  [_thread_blocked, id=1164, stack(0x0000008480600000,0x0000008480700000) (1024K)]
  0x0000027908c9b540 JavaThread "Handler for socket connection from /127.0.0.1:58639 to /127.0.0.1:56415"        [_thread_in_native, id=17192, stack(0x0000008480700000,0x0000008480800000) (1024K)]
  0x0000027908c9a190 JavaThread "Cancel handler"                    [_thread_blocked, id=15084, stack(0x0000008480800000,0x0000008480900000) (1024K)]
  0x0000027908c9a820 JavaThread "Daemon worker Thread 26"           [_thread_blocked, id=17760, stack(0x0000008480900000,0x0000008480a00000) (1024K)]
  0x00000279074e2020 JavaThread "Asynchronous log dispatcher for DefaultDaemonConnection: socket connection from /127.0.0.1:58639 to /127.0.0.1:56415"        [_thread_blocked, id=17412, stack(0x0000008480a00000,0x0000008480b00000) (1024K)]
  0x00000279074e26b0 JavaThread "Stdin handler"                     [_thread_blocked, id=17272, stack(0x0000008480b00000,0x0000008480c00000) (1024K)]
  0x00000279074e33d0 JavaThread "Daemon client event forwarder"        [_thread_blocked, id=15100, stack(0x0000008480c00000,0x0000008480d00000) (1024K)]
  0x0000027978d72c80 JavaThread "Unconstrained build operations Thread 2"        [_thread_blocked, id=19028, stack(0x0000008482200000,0x0000008482300000) (1024K)]
  0x0000027978d739a0 JavaThread "Unconstrained build operations Thread 3"        [_thread_blocked, id=15056, stack(0x0000008482300000,0x0000008482400000) (1024K)]
  0x000002796e45d6c0 JavaThread "Unconstrained build operations Thread 7"        [_thread_blocked, id=9260, stack(0x0000008482700000,0x0000008482800000) (1024K)]
  0x000002796e45bc80 JavaThread "Unconstrained build operations Thread 8"        [_thread_blocked, id=10848, stack(0x0000008482800000,0x0000008482900000) (1024K)]
  0x000002796f7545b0 JavaThread "Unconstrained build operations Thread 13"        [_thread_blocked, id=17804, stack(0x0000008483300000,0x0000008483400000) (1024K)]
  0x000002796f751130 JavaThread "Unconstrained build operations Thread 15"        [_thread_blocked, id=18040, stack(0x0000008483500000,0x0000008483600000) (1024K)]
  0x000002796e45dd50 JavaThread "Unconstrained build operations Thread 19"        [_thread_blocked, id=8784, stack(0x0000008483900000,0x0000008483a00000) (1024K)]
  0x0000027970a35a80 JavaThread "Unconstrained build operations Thread 23"        [_thread_blocked, id=18584, stack(0x0000008483c00000,0x0000008483d00000) (1024K)]
  0x000002797745ffc0 JavaThread "Unconstrained build operations Thread 26"        [_thread_blocked, id=13784, stack(0x0000008483f00000,0x0000008484000000) (1024K)]
  0x000002796e45ea70 JavaThread "included builds"                   [_thread_blocked, id=7848, stack(0x0000008484600000,0x0000008484700000) (1024K)]
  0x0000027970a346d0 JavaThread "Unconstrained build operations Thread 32"        [_thread_blocked, id=19532, stack(0x0000008485400000,0x0000008485500000) (1024K)]
  0x0000027970a3fe90 JavaThread "Unconstrained build operations Thread 33"        [_thread_blocked, id=19536, stack(0x0000008485500000,0x0000008485600000) (1024K)]
  0x0000027970a3ca10 JavaThread "Unconstrained build operations Thread 36"        [_thread_blocked, id=19548, stack(0x0000008485900000,0x0000008485a00000) (1024K)]
  0x0000027970a41240 JavaThread "Unconstrained build operations Thread 37"        [_thread_blocked, id=19552, stack(0x0000008485a00000,0x0000008485b00000) (1024K)]
  0x0000027970a3f170 JavaThread "Unconstrained build operations Thread 38"        [_thread_blocked, id=19556, stack(0x0000008485b00000,0x0000008485c00000) (1024K)]
  0x0000027970a3d0a0 JavaThread "Unconstrained build operations Thread 39"        [_thread_blocked, id=19560, stack(0x0000008485c00000,0x0000008485d00000) (1024K)]
  0x0000027970a3d730 JavaThread "Unconstrained build operations Thread 40"        [_thread_blocked, id=19564, stack(0x0000008485d00000,0x0000008485e00000) (1024K)]
  0x000002796f7524e0 JavaThread "Unconstrained build operations Thread 41"        [_thread_blocked, id=19568, stack(0x0000008485e00000,0x0000008485f00000) (1024K)]
  0x000002796e45c310 JavaThread "Unconstrained build operations Thread 42"        [_thread_blocked, id=19584, stack(0x0000008485f00000,0x0000008486000000) (1024K)]
  0x0000027970a3f800 JavaThread "Unconstrained build operations Thread 46"        [_thread_blocked, id=19636, stack(0x0000008486300000,0x0000008486400000) (1024K)]
  0x000002790c5e2ee0 JavaThread "Unconstrained build operations Thread 58"        [_thread_blocked, id=19684, stack(0x0000008486f00000,0x0000008487000000) (1024K)]
  0x000002790c5e21c0 JavaThread "Unconstrained build operations Thread 60"        [_thread_blocked, id=19692, stack(0x0000008487100000,0x0000008487200000) (1024K)]
  0x0000027976663720 JavaThread "Unconstrained build operations Thread 63"        [_thread_blocked, id=19704, stack(0x0000008487400000,0x0000008487500000) (1024K)]
  0x000002790fcff400 JavaThread "Unconstrained build operations Thread 66"        [_thread_blocked, id=19724, stack(0x0000008487800000,0x0000008487900000) (1024K)]
  0x000002790fcfb8f0 JavaThread "Unconstrained build operations Thread 67"        [_thread_blocked, id=19728, stack(0x0000008487900000,0x0000008487a00000) (1024K)]
  0x000002790fcfa540 JavaThread "Unconstrained build operations Thread 73"        [_thread_blocked, id=19752, stack(0x0000008487f00000,0x0000008488000000) (1024K)]
  0x0000027976664ad0 JavaThread "RMI TCP Connection(113)-127.0.0.1" daemon [_thread_in_native, id=19776, stack(0x0000008488300000,0x0000008488400000) (1024K)]
  0x00000279764526a0 JavaThread "ForkJoinPool.commonPool-worker-247" daemon [_thread_blocked, id=20136, stack(0x0000008488900000,0x0000008488a00000) (1024K)]
  0x0000027976663090 JavaThread "ForkJoinPool.commonPool-worker-248" daemon [_thread_blocked, id=20144, stack(0x0000008488e00000,0x0000008488f00000) (1024K)]
  0x000002796e8ef480 JavaThread "ForkJoinPool.commonPool-worker-249" daemon [_thread_blocked, id=20148, stack(0x0000008488f00000,0x0000008489000000) (1024K)]
  0x00000279774596c0 JavaThread "ForkJoinPool.commonPool-worker-250" daemon [_thread_blocked, id=20152, stack(0x0000008489000000,0x0000008489100000) (1024K)]
  0x0000027978d74030 JavaThread "ForkJoinPool.commonPool-worker-251" daemon [_thread_blocked, id=20156, stack(0x0000008489100000,0x0000008489200000) (1024K)]
  0x000002790fcfe6e0 JavaThread "ForkJoinPool.commonPool-worker-252" daemon [_thread_blocked, id=20160, stack(0x0000008489200000,0x0000008489300000) (1024K)]
  0x0000027976452d30 JavaThread "ForkJoinPool.commonPool-worker-253" daemon [_thread_blocked, id=20164, stack(0x0000008489300000,0x0000008489400000) (1024K)]
  0x00000279764533c0 JavaThread "ForkJoinPool.commonPool-worker-254" daemon [_thread_blocked, id=20168, stack(0x0000008489400000,0x0000008489500000) (1024K)]
  0x000002796e8f01a0 JavaThread "ForkJoinPool.commonPool-worker-255" daemon [_thread_blocked, id=20172, stack(0x0000008489500000,0x0000008489600000) (1024K)]
  0x000002797745b100 JavaThread "ForkJoinPool.commonPool-worker-256" daemon [_thread_blocked, id=20176, stack(0x0000008489600000,0x0000008489700000) (1024K)]
  0x000002797644ff40 JavaThread "ForkJoinPool.commonPool-worker-257" daemon [_thread_blocked, id=20180, stack(0x0000008489700000,0x0000008489800000) (1024K)]
Total: 78

Other Threads:
  0x00000279643dad80 VMThread "VM Thread"                           [id=7488, stack(0x00000084ff200000,0x00000084ff300000) (1024K)]
  0x0000027964213ee0 WatcherThread "VM Periodic Task Thread"        [id=9068, stack(0x00000084ff100000,0x00000084ff200000) (1024K)]
  0x000002794c718710 WorkerThread "GC Thread#0"                     [id=3120, stack(0x00000084fec00000,0x00000084fed00000) (1024K)]
  0x000002796499e060 WorkerThread "GC Thread#1"                     [id=4504, stack(0x00000084ffe00000,0x00000084fff00000) (1024K)]
  0x000002796499e400 WorkerThread "GC Thread#2"                     [id=11792, stack(0x00000084fff00000,0x0000008500000000) (1024K)]
  0x000002796499e7a0 WorkerThread "GC Thread#3"                     [id=13824, stack(0x0000008480000000,0x0000008480100000) (1024K)]
  0x000002796499eb40 WorkerThread "GC Thread#4"                     [id=7508, stack(0x0000008480100000,0x0000008480200000) (1024K)]
  0x000002796499eee0 WorkerThread "GC Thread#5"                     [id=12704, stack(0x0000008480200000,0x0000008480300000) (1024K)]
  0x000002796a3092c0 WorkerThread "GC Thread#6"                     [id=12920, stack(0x0000008480d00000,0x0000008480e00000) (1024K)]
  0x000002796a3073f0 WorkerThread "GC Thread#7"                     [id=16324, stack(0x0000008480e00000,0x0000008480f00000) (1024K)]
  0x000002796a307790 WorkerThread "GC Thread#8"                     [id=13644, stack(0x0000008480f00000,0x0000008481000000) (1024K)]
=>0x000002796a3047c0 WorkerThread "GC Thread#9"                     [id=3664, stack(0x0000008481000000,0x0000008481100000) (1024K)]
  0x000002794c72b790 ConcurrentGCThread "G1 Main Marker"            [id=1344, stack(0x00000084fed00000,0x00000084fee00000) (1024K)]
  0x000002794c72c940 WorkerThread "G1 Conc#0"                       [id=4524, stack(0x00000084fee00000,0x00000084fef00000) (1024K)]
  0x000002796a305640 WorkerThread "G1 Conc#1"                       [id=14340, stack(0x0000008481100000,0x0000008481200000) (1024K)]
  0x000002796a3059e0 WorkerThread "G1 Conc#2"                       [id=8760, stack(0x0000008481200000,0x0000008481300000) (1024K)]
  0x00000279640e7ab0 ConcurrentGCThread "G1 Refine#0"               [id=8400, stack(0x00000084fef00000,0x00000084ff000000) (1024K)]
  0x00000279640e8430 ConcurrentGCThread "G1 Service"                [id=13696, stack(0x00000084ff000000,0x00000084ff100000) (1024K)]
Total: 18

Threads with active compile tasks:
Total: 0

VM state: at safepoint (normal execution)

VM Mutex/Monitor currently owned by a thread:  ([mutex/lock_event])
[0x00007ff8a719ede8] FreeList_lock - owner thread: 0x000002796a3047c0
[0x00007ff8a71a1468] Threads_lock - owner thread: 0x00000279643dad80
[0x00007ff8a71a1568] Heap_lock - owner thread: 0x000002796f7524e0

Heap address: 0x0000000080000000, size: 2048 MB, Compressed Oops mode: 32-bit

CDS archive(s) not mapped
Compressed class space mapped at: 0x0000000100000000-0x0000000140000000, reserved size: 1073741824
Narrow klass base: 0x0000000000000000, Narrow klass shift: 3, Narrow klass range: 0x140000000

GC Precious Log:
 CardTable entry size: 512
 Card Set container configuration: InlinePtr #cards 5 size 8 Array Of Cards #cards 12 size 40 Howl #buckets 4 coarsen threshold 1843 Howl Bitmap #cards 512 size 80 coarsen threshold 460 Card regions per heap region 1 cards per card region 2048
 CPUs: 12 total, 12 available
 Memory: 16315M
 Large Page Support: Disabled
 NUMA Support: Disabled
 Compressed Oops: Enabled (32-bit)
 Heap Region Size: 1M
 Heap Min Capacity: 8M
 Heap Initial Capacity: 256M
 Heap Max Capacity: 2G
 Pre-touch: Disabled
 Parallel Workers: 10
 Concurrent Workers: 3
 Concurrent Refinement Workers: 10
 Periodic GC: Disabled

Heap:
 garbage-first heap   total 657408K, used 650984K [0x0000000080000000, 0x0000000100000000)
  region size 1024K, 338 young (346112K), 4 survivors (4096K)
 Metaspace       used 182538K, committed 185664K, reserved 1245184K
  class space    used 23199K, committed 25152K, reserved 1048576K

Heap Regions: E=young(eden), S=young(survivor), O=old, HS=humongous(starts), HC=humongous(continues), CS=collection set, F=free, TAMS=top-at-mark-start, PB=parsable bottom
|   0|0x0000000080000000, 0x0000000080100000, 0x0000000080100000|100%|HS|  |TAMS 0x0000000080000000| PB 0x0000000080000000| Complete 
|   1|0x0000000080100000, 0x0000000080200000, 0x0000000080200000|100%|HC|  |TAMS 0x0000000080100000| PB 0x0000000080100000| Complete 
|   2|0x0000000080200000, 0x0000000080300000, 0x0000000080300000|100%|HC|  |TAMS 0x0000000080200000| PB 0x0000000080200000| Complete 
|   3|0x0000000080300000, 0x0000000080400000, 0x0000000080400000|100%| O|  |TAMS 0x0000000080300000| PB 0x0000000080300000| Untracked 
|   4|0x0000000080400000, 0x0000000080500000, 0x0000000080500000|100%| O|  |TAMS 0x0000000080400000| PB 0x0000000080400000| Untracked 
|   5|0x0000000080500000, 0x0000000080600000, 0x0000000080600000|100%| O|  |TAMS 0x0000000080500000| PB 0x0000000080500000| Untracked 
|   6|0x0000000080600000, 0x0000000080700000, 0x0000000080700000|100%|HS|  |TAMS 0x0000000080600000| PB 0x0000000080600000| Complete 
|   7|0x0000000080700000, 0x0000000080800000, 0x0000000080800000|100%| O|  |TAMS 0x0000000080700000| PB 0x0000000080700000| Untracked 
|   8|0x0000000080800000, 0x0000000080900000, 0x0000000080900000|100%| O|  |TAMS 0x0000000080800000| PB 0x0000000080800000| Untracked 
|   9|0x0000000080900000, 0x0000000080a00000, 0x0000000080a00000|100%| O|  |TAMS 0x0000000080900000| PB 0x0000000080900000| Untracked 
|  10|0x0000000080a00000, 0x0000000080b00000, 0x0000000080b00000|100%| O|  |TAMS 0x0000000080a00000| PB 0x0000000080a00000| Untracked 
|  11|0x0000000080b00000, 0x0000000080c00000, 0x0000000080c00000|100%| O|  |TAMS 0x0000000080b00000| PB 0x0000000080b00000| Untracked 
|  12|0x0000000080c00000, 0x0000000080d00000, 0x0000000080d00000|100%| O|  |TAMS 0x0000000080c00000| PB 0x0000000080c00000| Untracked 
|  13|0x0000000080d00000, 0x0000000080e00000, 0x0000000080e00000|100%| O|  |TAMS 0x0000000080d00000| PB 0x0000000080d00000| Untracked 
|  14|0x0000000080e00000, 0x0000000080f00000, 0x0000000080f00000|100%| O|  |TAMS 0x0000000080e00000| PB 0x0000000080e00000| Untracked 
|  15|0x0000000080f00000, 0x0000000081000000, 0x0000000081000000|100%| O|  |TAMS 0x0000000080f00000| PB 0x0000000080f00000| Untracked 
|  16|0x0000000081000000, 0x0000000081100000, 0x0000000081100000|100%| O|  |TAMS 0x0000000081000000| PB 0x0000000081000000| Untracked 
|  17|0x0000000081100000, 0x0000000081200000, 0x0000000081200000|100%| O|  |TAMS 0x0000000081100000| PB 0x0000000081100000| Untracked 
|  18|0x0000000081200000, 0x0000000081300000, 0x0000000081300000|100%| O|  |TAMS 0x0000000081200000| PB 0x0000000081200000| Untracked 
|  19|0x0000000081300000, 0x0000000081400000, 0x0000000081400000|100%| O|  |TAMS 0x0000000081300000| PB 0x0000000081300000| Untracked 
|  20|0x0000000081400000, 0x0000000081500000, 0x0000000081500000|100%| O|  |TAMS 0x0000000081400000| PB 0x0000000081400000| Untracked 
|  21|0x0000000081500000, 0x0000000081600000, 0x0000000081600000|100%|HS|  |TAMS 0x0000000081500000| PB 0x0000000081500000| Complete 
|  22|0x0000000081600000, 0x0000000081700000, 0x0000000081700000|100%| O|  |TAMS 0x0000000081600000| PB 0x0000000081600000| Untracked 
|  23|0x0000000081700000, 0x0000000081800000, 0x0000000081800000|100%| O|  |TAMS 0x0000000081700000| PB 0x0000000081700000| Untracked 
|  24|0x0000000081800000, 0x0000000081900000, 0x0000000081900000|100%| O|  |TAMS 0x0000000081800000| PB 0x0000000081800000| Untracked 
|  25|0x0000000081900000, 0x0000000081a00000, 0x0000000081a00000|100%| O|  |TAMS 0x0000000081900000| PB 0x0000000081900000| Untracked 
|  26|0x0000000081a00000, 0x0000000081b00000, 0x0000000081b00000|100%| O|  |TAMS 0x0000000081a00000| PB 0x0000000081a00000| Untracked 
|  27|0x0000000081b00000, 0x0000000081c00000, 0x0000000081c00000|100%| O|  |TAMS 0x0000000081b00000| PB 0x0000000081b00000| Untracked 
|  28|0x0000000081c00000, 0x0000000081d00000, 0x0000000081d00000|100%| O|  |TAMS 0x0000000081c00000| PB 0x0000000081c00000| Untracked 
|  29|0x0000000081d00000, 0x0000000081e00000, 0x0000000081e00000|100%| O|  |TAMS 0x0000000081d00000| PB 0x0000000081d00000| Untracked 
|  30|0x0000000081e00000, 0x0000000081f00000, 0x0000000081f00000|100%| O|  |TAMS 0x0000000081e00000| PB 0x0000000081e00000| Untracked 
|  31|0x0000000081f00000, 0x0000000082000000, 0x0000000082000000|100%| O|  |TAMS 0x0000000081f00000| PB 0x0000000081f00000| Untracked 
|  32|0x0000000082000000, 0x0000000082100000, 0x0000000082100000|100%| O|  |TAMS 0x0000000082000000| PB 0x0000000082000000| Untracked 
|  33|0x0000000082100000, 0x0000000082200000, 0x0000000082200000|100%| O|  |TAMS 0x0000000082100000| PB 0x0000000082100000| Untracked 
|  34|0x0000000082200000, 0x0000000082300000, 0x0000000082300000|100%| O|  |TAMS 0x0000000082200000| PB 0x0000000082200000| Untracked 
|  35|0x0000000082300000, 0x0000000082400000, 0x0000000082400000|100%| O|  |TAMS 0x0000000082300000| PB 0x0000000082300000| Untracked 
|  36|0x0000000082400000, 0x0000000082500000, 0x0000000082500000|100%| O|  |TAMS 0x0000000082400000| PB 0x0000000082400000| Untracked 
|  37|0x0000000082500000, 0x0000000082600000, 0x0000000082600000|100%| O|  |TAMS 0x0000000082500000| PB 0x0000000082500000| Untracked 
|  38|0x0000000082600000, 0x0000000082700000, 0x0000000082700000|100%| O|  |TAMS 0x0000000082600000| PB 0x0000000082600000| Untracked 
|  39|0x0000000082700000, 0x0000000082800000, 0x0000000082800000|100%| O|  |TAMS 0x0000000082700000| PB 0x0000000082700000| Untracked 
|  40|0x0000000082800000, 0x0000000082900000, 0x0000000082900000|100%| O|  |TAMS 0x0000000082800000| PB 0x0000000082800000| Untracked 
|  41|0x0000000082900000, 0x0000000082a00000, 0x0000000082a00000|100%| O|  |TAMS 0x0000000082900000| PB 0x0000000082900000| Untracked 
|  42|0x0000000082a00000, 0x0000000082b00000, 0x0000000082b00000|100%| O|  |TAMS 0x0000000082a00000| PB 0x0000000082a00000| Untracked 
|  43|0x0000000082b00000, 0x0000000082c00000, 0x0000000082c00000|100%| O|  |TAMS 0x0000000082b00000| PB 0x0000000082b00000| Untracked 
|  44|0x0000000082c00000, 0x0000000082d00000, 0x0000000082d00000|100%|HS|  |TAMS 0x0000000082c00000| PB 0x0000000082c00000| Complete 
|  45|0x0000000082d00000, 0x0000000082e00000, 0x0000000082e00000|100%| O|  |TAMS 0x0000000082d00000| PB 0x0000000082d00000| Untracked 
|  46|0x0000000082e00000, 0x0000000082f00000, 0x0000000082f00000|100%| O|  |TAMS 0x0000000082e00000| PB 0x0000000082e00000| Untracked 
|  47|0x0000000082f00000, 0x0000000083000000, 0x0000000083000000|100%|HS|  |TAMS 0x0000000082f00000| PB 0x0000000082f00000| Complete 
|  48|0x0000000083000000, 0x0000000083100000, 0x0000000083100000|100%| O|  |TAMS 0x0000000083000000| PB 0x0000000083000000| Untracked 
|  49|0x0000000083100000, 0x0000000083200000, 0x0000000083200000|100%| O|  |TAMS 0x0000000083100000| PB 0x0000000083100000| Untracked 
|  50|0x0000000083200000, 0x0000000083300000, 0x0000000083300000|100%| O|  |TAMS 0x0000000083200000| PB 0x0000000083200000| Untracked 
|  51|0x0000000083300000, 0x0000000083400000, 0x0000000083400000|100%| O|  |TAMS 0x0000000083300000| PB 0x0000000083300000| Untracked 
|  52|0x0000000083400000, 0x0000000083500000, 0x0000000083500000|100%| O|  |TAMS 0x0000000083400000| PB 0x0000000083400000| Untracked 
|  53|0x0000000083500000, 0x0000000083600000, 0x0000000083600000|100%|HS|  |TAMS 0x0000000083500000| PB 0x0000000083500000| Complete 
|  54|0x0000000083600000, 0x0000000083700000, 0x0000000083700000|100%| O|  |TAMS 0x0000000083600000| PB 0x0000000083600000| Untracked 
|  55|0x0000000083700000, 0x0000000083800000, 0x0000000083800000|100%| O|  |TAMS 0x0000000083700000| PB 0x0000000083700000| Untracked 
|  56|0x0000000083800000, 0x0000000083900000, 0x0000000083900000|100%|HS|  |TAMS 0x0000000083800000| PB 0x0000000083800000| Complete 
|  57|0x0000000083900000, 0x0000000083a00000, 0x0000000083a00000|100%|HC|  |TAMS 0x0000000083900000| PB 0x0000000083900000| Complete 
|  58|0x0000000083a00000, 0x0000000083b00000, 0x0000000083b00000|100%|HS|  |TAMS 0x0000000083a00000| PB 0x0000000083a00000| Complete 
|  59|0x0000000083b00000, 0x0000000083c00000, 0x0000000083c00000|100%|HC|  |TAMS 0x0000000083b00000| PB 0x0000000083b00000| Complete 
|  60|0x0000000083c00000, 0x0000000083d00000, 0x0000000083d00000|100%|HS|  |TAMS 0x0000000083c00000| PB 0x0000000083c00000| Complete 
|  61|0x0000000083d00000, 0x0000000083e00000, 0x0000000083e00000|100%|HC|  |TAMS 0x0000000083d00000| PB 0x0000000083d00000| Complete 
|  62|0x0000000083e00000, 0x0000000083f00000, 0x0000000083f00000|100%|HC|  |TAMS 0x0000000083e00000| PB 0x0000000083e00000| Complete 
|  63|0x0000000083f00000, 0x0000000084000000, 0x0000000084000000|100%|HS|  |TAMS 0x0000000083f00000| PB 0x0000000083f00000| Complete 
|  64|0x0000000084000000, 0x0000000084100000, 0x0000000084100000|100%| O|  |TAMS 0x0000000084000000| PB 0x0000000084000000| Untracked 
|  65|0x0000000084100000, 0x0000000084200000, 0x0000000084200000|100%| O|  |TAMS 0x0000000084100000| PB 0x0000000084100000| Untracked 
|  66|0x0000000084200000, 0x0000000084300000, 0x0000000084300000|100%| O|  |TAMS 0x0000000084200000| PB 0x0000000084200000| Untracked 
|  67|0x0000000084300000, 0x0000000084400000, 0x0000000084400000|100%| O|  |TAMS 0x0000000084300000| PB 0x0000000084300000| Untracked 
|  68|0x0000000084400000, 0x0000000084500000, 0x0000000084500000|100%|HS|  |TAMS 0x0000000084400000| PB 0x0000000084400000| Complete 
|  69|0x0000000084500000, 0x0000000084600000, 0x0000000084600000|100%| O|  |TAMS 0x0000000084500000| PB 0x0000000084500000| Untracked 
|  70|0x0000000084600000, 0x0000000084700000, 0x0000000084700000|100%|HS|  |TAMS 0x0000000084600000| PB 0x0000000084600000| Complete 
|  71|0x0000000084700000, 0x0000000084800000, 0x0000000084800000|100%|HS|  |TAMS 0x0000000084700000| PB 0x0000000084700000| Complete 
|  72|0x0000000084800000, 0x0000000084900000, 0x0000000084900000|100%| O|  |TAMS 0x0000000084800000| PB 0x0000000084800000| Untracked 
|  73|0x0000000084900000, 0x0000000084a00000, 0x0000000084a00000|100%| O|  |TAMS 0x0000000084900000| PB 0x0000000084900000| Untracked 
|  74|0x0000000084a00000, 0x0000000084b00000, 0x0000000084b00000|100%| O|  |TAMS 0x0000000084a00000| PB 0x0000000084a00000| Untracked 
|  75|0x0000000084b00000, 0x0000000084c00000, 0x0000000084c00000|100%| O|  |TAMS 0x0000000084b00000| PB 0x0000000084b00000| Untracked 
|  76|0x0000000084c00000, 0x0000000084d00000, 0x0000000084d00000|100%| O|  |TAMS 0x0000000084c00000| PB 0x0000000084c00000| Untracked 
|  77|0x0000000084d00000, 0x0000000084e00000, 0x0000000084e00000|100%| O|  |TAMS 0x0000000084d00000| PB 0x0000000084d00000| Untracked 
|  78|0x0000000084e00000, 0x0000000084f00000, 0x0000000084f00000|100%|HS|  |TAMS 0x0000000084e00000| PB 0x0000000084e00000| Complete 
|  79|0x0000000084f00000, 0x0000000085000000, 0x0000000085000000|100%| O|  |TAMS 0x0000000084f00000| PB 0x0000000084f00000| Untracked 
|  80|0x0000000085000000, 0x0000000085100000, 0x0000000085100000|100%|HS|  |TAMS 0x0000000085000000| PB 0x0000000085000000| Complete 
|  81|0x0000000085100000, 0x0000000085200000, 0x0000000085200000|100%|HC|  |TAMS 0x0000000085100000| PB 0x0000000085100000| Complete 
|  82|0x0000000085200000, 0x0000000085300000, 0x0000000085300000|100%|HS|  |TAMS 0x0000000085200000| PB 0x0000000085200000| Complete 
|  83|0x0000000085300000, 0x0000000085400000, 0x0000000085400000|100%|HC|  |TAMS 0x0000000085300000| PB 0x0000000085300000| Complete 
|  84|0x0000000085400000, 0x0000000085500000, 0x0000000085500000|100%|HC|  |TAMS 0x0000000085400000| PB 0x0000000085400000| Complete 
|  85|0x0000000085500000, 0x0000000085600000, 0x0000000085600000|100%| O|  |TAMS 0x0000000085500000| PB 0x0000000085500000| Untracked 
|  86|0x0000000085600000, 0x0000000085700000, 0x0000000085700000|100%| O|  |TAMS 0x0000000085600000| PB 0x0000000085600000| Untracked 
|  87|0x0000000085700000, 0x0000000085800000, 0x0000000085800000|100%| O|  |TAMS 0x0000000085700000| PB 0x0000000085700000| Untracked 
|  88|0x0000000085800000, 0x0000000085900000, 0x0000000085900000|100%| O|  |TAMS 0x0000000085800000| PB 0x0000000085800000| Untracked 
|  89|0x0000000085900000, 0x0000000085a00000, 0x0000000085a00000|100%| O|  |TAMS 0x0000000085900000| PB 0x0000000085900000| Untracked 
|  90|0x0000000085a00000, 0x0000000085b00000, 0x0000000085b00000|100%| O|  |TAMS 0x0000000085a00000| PB 0x0000000085a00000| Untracked 
|  91|0x0000000085b00000, 0x0000000085c00000, 0x0000000085c00000|100%| O|  |TAMS 0x0000000085b00000| PB 0x0000000085b00000| Untracked 
|  92|0x0000000085c00000, 0x0000000085d00000, 0x0000000085d00000|100%| O|  |TAMS 0x0000000085c00000| PB 0x0000000085c00000| Untracked 
|  93|0x0000000085d00000, 0x0000000085e00000, 0x0000000085e00000|100%| O|  |TAMS 0x0000000085d00000| PB 0x0000000085d00000| Untracked 
|  94|0x0000000085e00000, 0x0000000085f00000, 0x0000000085f00000|100%| O|CS|TAMS 0x0000000085e00000| PB 0x0000000085e00000| Complete 
|  95|0x0000000085f00000, 0x0000000086000000, 0x0000000086000000|100%| O|  |TAMS 0x0000000085f00000| PB 0x0000000085f00000| Untracked 
|  96|0x0000000086000000, 0x0000000086100000, 0x0000000086100000|100%| O|  |TAMS 0x0000000086000000| PB 0x0000000086000000| Untracked 
|  97|0x0000000086100000, 0x0000000086200000, 0x0000000086200000|100%| O|  |TAMS 0x0000000086100000| PB 0x0000000086100000| Untracked 
|  98|0x0000000086200000, 0x0000000086300000, 0x0000000086300000|100%|HS|  |TAMS 0x0000000086200000| PB 0x0000000086200000| Complete 
|  99|0x0000000086300000, 0x0000000086400000, 0x0000000086400000|100%|HC|  |TAMS 0x0000000086300000| PB 0x0000000086300000| Complete 
| 100|0x0000000086400000, 0x0000000086500000, 0x0000000086500000|100%| O|  |TAMS 0x0000000086400000| PB 0x0000000086400000| Untracked 
| 101|0x0000000086500000, 0x0000000086600000, 0x0000000086600000|100%| O|  |TAMS 0x0000000086500000| PB 0x0000000086500000| Untracked 
| 102|0x0000000086600000, 0x0000000086700000, 0x0000000086700000|100%|HS|  |TAMS 0x0000000086600000| PB 0x0000000086600000| Complete 
| 103|0x0000000086700000, 0x0000000086800000, 0x0000000086800000|100%|HC|  |TAMS 0x0000000086700000| PB 0x0000000086700000| Complete 
| 104|0x0000000086800000, 0x0000000086900000, 0x0000000086900000|100%| O|  |TAMS 0x0000000086800000| PB 0x0000000086800000| Untracked 
| 105|0x0000000086900000, 0x0000000086a00000, 0x0000000086a00000|100%| O|  |TAMS 0x0000000086900000| PB 0x0000000086900000| Untracked 
| 106|0x0000000086a00000, 0x0000000086b00000, 0x0000000086b00000|100%| O|  |TAMS 0x0000000086a00000| PB 0x0000000086a00000| Untracked 
| 107|0x0000000086b00000, 0x0000000086c00000, 0x0000000086c00000|100%| O|  |TAMS 0x0000000086b00000| PB 0x0000000086b00000| Untracked 
| 108|0x0000000086c00000, 0x0000000086d00000, 0x0000000086d00000|100%| E|CS|TAMS 0x0000000086c00000| PB 0x0000000086c00000| Complete 
| 109|0x0000000086d00000, 0x0000000086e00000, 0x0000000086e00000|100%| O|  |TAMS 0x0000000086d00000| PB 0x0000000086d00000| Untracked 
| 110|0x0000000086e00000, 0x0000000086f00000, 0x0000000086f00000|100%| O|  |TAMS 0x0000000086e00000| PB 0x0000000086e00000| Untracked 
| 111|0x0000000086f00000, 0x0000000087000000, 0x0000000087000000|100%| O|  |TAMS 0x0000000086f00000| PB 0x0000000086f00000| Untracked 
| 112|0x0000000087000000, 0x0000000087100000, 0x0000000087100000|100%|HS|  |TAMS 0x0000000087000000| PB 0x0000000087000000| Complete 
| 113|0x0000000087100000, 0x0000000087200000, 0x0000000087200000|100%|HC|  |TAMS 0x0000000087100000| PB 0x0000000087100000| Complete 
| 114|0x0000000087200000, 0x0000000087300000, 0x0000000087300000|100%| O|  |TAMS 0x0000000087200000| PB 0x0000000087200000| Untracked 
| 115|0x0000000087300000, 0x0000000087400000, 0x0000000087400000|100%| O|  |TAMS 0x0000000087300000| PB 0x0000000087300000| Untracked 
| 116|0x0000000087400000, 0x0000000087500000, 0x0000000087500000|100%| O|  |TAMS 0x0000000087400000| PB 0x0000000087400000| Untracked 
| 117|0x0000000087500000, 0x0000000087600000, 0x0000000087600000|100%| O|  |TAMS 0x0000000087500000| PB 0x0000000087500000| Untracked 
| 118|0x0000000087600000, 0x0000000087700000, 0x0000000087700000|100%| O|  |TAMS 0x0000000087600000| PB 0x0000000087600000| Untracked 
| 119|0x0000000087700000, 0x0000000087800000, 0x0000000087800000|100%| E|CS|TAMS 0x0000000087700000| PB 0x0000000087700000| Complete 
| 120|0x0000000087800000, 0x0000000087900000, 0x0000000087900000|100%| O|  |TAMS 0x0000000087800000| PB 0x0000000087800000| Untracked 
| 121|0x0000000087900000, 0x0000000087a00000, 0x0000000087a00000|100%| O|  |TAMS 0x0000000087900000| PB 0x0000000087900000| Untracked 
| 122|0x0000000087a00000, 0x0000000087b00000, 0x0000000087b00000|100%| E|CS|TAMS 0x0000000087a00000| PB 0x0000000087a00000| Complete 
| 123|0x0000000087b00000, 0x0000000087c00000, 0x0000000087c00000|100%| O|  |TAMS 0x0000000087b00000| PB 0x0000000087b00000| Untracked 
| 124|0x0000000087c00000, 0x0000000087d00000, 0x0000000087d00000|100%| O|  |TAMS 0x0000000087c00000| PB 0x0000000087c00000| Untracked 
| 125|0x0000000087d00000, 0x0000000087e00000, 0x0000000087e00000|100%| O|  |TAMS 0x0000000087d00000| PB 0x0000000087d00000| Untracked 
| 126|0x0000000087e00000, 0x0000000087f00000, 0x0000000087f00000|100%|HS|  |TAMS 0x0000000087e00000| PB 0x0000000087e00000| Complete 
| 127|0x0000000087f00000, 0x0000000088000000, 0x0000000088000000|100%|HC|  |TAMS 0x0000000087f00000| PB 0x0000000087f00000| Complete 
| 128|0x0000000088000000, 0x0000000088100000, 0x0000000088100000|100%|HS|  |TAMS 0x0000000088000000| PB 0x0000000088000000| Complete 
| 129|0x0000000088100000, 0x0000000088200000, 0x0000000088200000|100%|HC|  |TAMS 0x0000000088100000| PB 0x0000000088100000| Complete 
| 130|0x0000000088200000, 0x0000000088300000, 0x0000000088300000|100%|HS|  |TAMS 0x0000000088200000| PB 0x0000000088200000| Complete 
| 131|0x0000000088300000, 0x0000000088400000, 0x0000000088400000|100%|HC|  |TAMS 0x0000000088300000| PB 0x0000000088300000| Complete 
| 132|0x0000000088400000, 0x0000000088500000, 0x0000000088500000|100%| E|CS|TAMS 0x0000000088400000| PB 0x0000000088400000| Complete 
| 133|0x0000000088500000, 0x0000000088600000, 0x0000000088600000|100%| O|  |TAMS 0x0000000088500000| PB 0x0000000088500000| Untracked 
| 134|0x0000000088600000, 0x0000000088700000, 0x0000000088700000|100%| O|  |TAMS 0x0000000088600000| PB 0x0000000088600000| Untracked 
| 135|0x0000000088700000, 0x0000000088800000, 0x0000000088800000|100%| O|  |TAMS 0x0000000088700000| PB 0x0000000088700000| Untracked 
| 136|0x0000000088800000, 0x0000000088900000, 0x0000000088900000|100%| O|  |TAMS 0x0000000088800000| PB 0x0000000088800000| Untracked 
| 137|0x0000000088900000, 0x0000000088a00000, 0x0000000088a00000|100%| E|CS|TAMS 0x0000000088900000| PB 0x0000000088900000| Complete 
| 138|0x0000000088a00000, 0x0000000088b00000, 0x0000000088b00000|100%| O|  |TAMS 0x0000000088a00000| PB 0x0000000088a00000| Untracked 
| 139|0x0000000088b00000, 0x0000000088c00000, 0x0000000088c00000|100%|HS|  |TAMS 0x0000000088b00000| PB 0x0000000088b00000| Complete 
| 140|0x0000000088c00000, 0x0000000088d00000, 0x0000000088d00000|100%|HC|  |TAMS 0x0000000088c00000| PB 0x0000000088c00000| Complete 
| 141|0x0000000088d00000, 0x0000000088e00000, 0x0000000088e00000|100%| O|  |TAMS 0x0000000088d00000| PB 0x0000000088d00000| Untracked 
| 142|0x0000000088e00000, 0x0000000088f00000, 0x0000000088f00000|100%|HS|  |TAMS 0x0000000088e00000| PB 0x0000000088e00000| Complete 
| 143|0x0000000088f00000, 0x0000000089000000, 0x0000000089000000|100%|HC|  |TAMS 0x0000000088f00000| PB 0x0000000088f00000| Complete 
| 144|0x0000000089000000, 0x0000000089100000, 0x0000000089100000|100%|HS|  |TAMS 0x0000000089000000| PB 0x0000000089000000| Complete 
| 145|0x0000000089100000, 0x0000000089200000, 0x0000000089200000|100%|HC|  |TAMS 0x0000000089100000| PB 0x0000000089100000| Complete 
| 146|0x0000000089200000, 0x0000000089300000, 0x0000000089300000|100%|HS|  |TAMS 0x0000000089200000| PB 0x0000000089200000| Complete 
| 147|0x0000000089300000, 0x0000000089400000, 0x0000000089400000|100%|HC|  |TAMS 0x0000000089300000| PB 0x0000000089300000| Complete 
| 148|0x0000000089400000, 0x0000000089500000, 0x0000000089500000|100%|HS|  |TAMS 0x0000000089400000| PB 0x0000000089400000| Complete 
| 149|0x0000000089500000, 0x0000000089600000, 0x0000000089600000|100%|HC|  |TAMS 0x0000000089500000| PB 0x0000000089500000| Complete 
| 150|0x0000000089600000, 0x0000000089700000, 0x0000000089700000|100%|HS|  |TAMS 0x0000000089600000| PB 0x0000000089600000| Complete 
| 151|0x0000000089700000, 0x0000000089800000, 0x0000000089800000|100%|HC|  |TAMS 0x0000000089700000| PB 0x0000000089700000| Complete 
| 152|0x0000000089800000, 0x0000000089900000, 0x0000000089900000|100%| O|  |TAMS 0x0000000089800000| PB 0x0000000089800000| Untracked 
| 153|0x0000000089900000, 0x0000000089a00000, 0x0000000089a00000|100%| E|CS|TAMS 0x0000000089900000| PB 0x0000000089900000| Complete 
| 154|0x0000000089a00000, 0x0000000089b00000, 0x0000000089b00000|100%| O|  |TAMS 0x0000000089a00000| PB 0x0000000089a00000| Untracked 
| 155|0x0000000089b00000, 0x0000000089c00000, 0x0000000089c00000|100%| O|  |TAMS 0x0000000089b00000| PB 0x0000000089b00000| Untracked 
| 156|0x0000000089c00000, 0x0000000089d00000, 0x0000000089d00000|100%|HS|  |TAMS 0x0000000089c00000| PB 0x0000000089c00000| Complete 
| 157|0x0000000089d00000, 0x0000000089e00000, 0x0000000089e00000|100%|HC|  |TAMS 0x0000000089d00000| PB 0x0000000089d00000| Complete 
| 158|0x0000000089e00000, 0x0000000089f00000, 0x0000000089f00000|100%|HS|  |TAMS 0x0000000089e00000| PB 0x0000000089e00000| Complete 
| 159|0x0000000089f00000, 0x000000008a000000, 0x000000008a000000|100%|HC|  |TAMS 0x0000000089f00000| PB 0x0000000089f00000| Complete 
| 160|0x000000008a000000, 0x000000008a100000, 0x000000008a100000|100%| O|  |TAMS 0x000000008a000000| PB 0x000000008a000000| Untracked 
| 161|0x000000008a100000, 0x000000008a200000, 0x000000008a200000|100%| O|  |TAMS 0x000000008a100000| PB 0x000000008a100000| Untracked 
| 162|0x000000008a200000, 0x000000008a300000, 0x000000008a300000|100%| O|  |TAMS 0x000000008a200000| PB 0x000000008a200000| Untracked 
| 163|0x000000008a300000, 0x000000008a400000, 0x000000008a400000|100%| O|  |TAMS 0x000000008a300000| PB 0x000000008a300000| Untracked 
| 164|0x000000008a400000, 0x000000008a500000, 0x000000008a500000|100%| O|  |TAMS 0x000000008a400000| PB 0x000000008a400000| Untracked 
| 165|0x000000008a500000, 0x000000008a600000, 0x000000008a600000|100%| O|  |TAMS 0x000000008a500000| PB 0x000000008a500000| Untracked 
| 166|0x000000008a600000, 0x000000008a700000, 0x000000008a700000|100%| O|  |TAMS 0x000000008a600000| PB 0x000000008a600000| Untracked 
| 167|0x000000008a700000, 0x000000008a800000, 0x000000008a800000|100%|HS|  |TAMS 0x000000008a700000| PB 0x000000008a700000| Complete 
| 168|0x000000008a800000, 0x000000008a900000, 0x000000008a900000|100%|HC|  |TAMS 0x000000008a800000| PB 0x000000008a800000| Complete 
| 169|0x000000008a900000, 0x000000008aa00000, 0x000000008aa00000|100%| E|CS|TAMS 0x000000008a900000| PB 0x000000008a900000| Complete 
| 170|0x000000008aa00000, 0x000000008ab00000, 0x000000008ab00000|100%| O|  |TAMS 0x000000008aa00000| PB 0x000000008aa00000| Untracked 
| 171|0x000000008ab00000, 0x000000008ac00000, 0x000000008ac00000|100%| O|  |TAMS 0x000000008ab00000| PB 0x000000008ab00000| Untracked 
| 172|0x000000008ac00000, 0x000000008ad00000, 0x000000008ad00000|100%|HS|  |TAMS 0x000000008ac00000| PB 0x000000008ac00000| Complete 
| 173|0x000000008ad00000, 0x000000008ae00000, 0x000000008ae00000|100%|HC|  |TAMS 0x000000008ad00000| PB 0x000000008ad00000| Complete 
| 174|0x000000008ae00000, 0x000000008af00000, 0x000000008af00000|100%|HS|  |TAMS 0x000000008ae00000| PB 0x000000008ae00000| Complete 
| 175|0x000000008af00000, 0x000000008b000000, 0x000000008b000000|100%|HC|  |TAMS 0x000000008af00000| PB 0x000000008af00000| Complete 
| 176|0x000000008b000000, 0x000000008b100000, 0x000000008b100000|100%|HS|  |TAMS 0x000000008b000000| PB 0x000000008b000000| Complete 
| 177|0x000000008b100000, 0x000000008b200000, 0x000000008b200000|100%|HC|  |TAMS 0x000000008b100000| PB 0x000000008b100000| Complete 
| 178|0x000000008b200000, 0x000000008b300000, 0x000000008b300000|100%|HS|  |TAMS 0x000000008b200000| PB 0x000000008b200000| Complete 
| 179|0x000000008b300000, 0x000000008b400000, 0x000000008b400000|100%|HC|  |TAMS 0x000000008b300000| PB 0x000000008b300000| Complete 
| 180|0x000000008b400000, 0x000000008b500000, 0x000000008b500000|100%| E|CS|TAMS 0x000000008b400000| PB 0x000000008b400000| Complete 
| 181|0x000000008b500000, 0x000000008b600000, 0x000000008b600000|100%| O|  |TAMS 0x000000008b500000| PB 0x000000008b500000| Untracked 
| 182|0x000000008b600000, 0x000000008b700000, 0x000000008b700000|100%| E|CS|TAMS 0x000000008b600000| PB 0x000000008b600000| Complete 
| 183|0x000000008b700000, 0x000000008b800000, 0x000000008b800000|100%| O|  |TAMS 0x000000008b700000| PB 0x000000008b700000| Untracked 
| 184|0x000000008b800000, 0x000000008b900000, 0x000000008b900000|100%|HS|  |TAMS 0x000000008b800000| PB 0x000000008b800000| Complete 
| 185|0x000000008b900000, 0x000000008ba00000, 0x000000008ba00000|100%|HC|  |TAMS 0x000000008b900000| PB 0x000000008b900000| Complete 
| 186|0x000000008ba00000, 0x000000008bb00000, 0x000000008bb00000|100%|HS|  |TAMS 0x000000008ba00000| PB 0x000000008ba00000| Complete 
| 187|0x000000008bb00000, 0x000000008bc00000, 0x000000008bc00000|100%|HC|  |TAMS 0x000000008bb00000| PB 0x000000008bb00000| Complete 
| 188|0x000000008bc00000, 0x000000008bd00000, 0x000000008bd00000|100%|HS|  |TAMS 0x000000008bc00000| PB 0x000000008bc00000| Complete 
| 189|0x000000008bd00000, 0x000000008be00000, 0x000000008be00000|100%|HC|  |TAMS 0x000000008bd00000| PB 0x000000008bd00000| Complete 
| 190|0x000000008be00000, 0x000000008bf00000, 0x000000008bf00000|100%|HS|  |TAMS 0x000000008be00000| PB 0x000000008be00000| Complete 
| 191|0x000000008bf00000, 0x000000008c000000, 0x000000008c000000|100%|HC|  |TAMS 0x000000008bf00000| PB 0x000000008bf00000| Complete 
| 192|0x000000008c000000, 0x000000008c100000, 0x000000008c100000|100%|HS|  |TAMS 0x000000008c000000| PB 0x000000008c000000| Complete 
| 193|0x000000008c100000, 0x000000008c200000, 0x000000008c200000|100%|HC|  |TAMS 0x000000008c100000| PB 0x000000008c100000| Complete 
| 194|0x000000008c200000, 0x000000008c300000, 0x000000008c300000|100%|HS|  |TAMS 0x000000008c200000| PB 0x000000008c200000| Complete 
| 195|0x000000008c300000, 0x000000008c400000, 0x000000008c400000|100%|HC|  |TAMS 0x000000008c300000| PB 0x000000008c300000| Complete 
| 196|0x000000008c400000, 0x000000008c500000, 0x000000008c500000|100%|HS|  |TAMS 0x000000008c400000| PB 0x000000008c400000| Complete 
| 197|0x000000008c500000, 0x000000008c600000, 0x000000008c600000|100%|HC|  |TAMS 0x000000008c500000| PB 0x000000008c500000| Complete 
| 198|0x000000008c600000, 0x000000008c700000, 0x000000008c700000|100%|HS|  |TAMS 0x000000008c600000| PB 0x000000008c600000| Complete 
| 199|0x000000008c700000, 0x000000008c800000, 0x000000008c800000|100%|HC|  |TAMS 0x000000008c700000| PB 0x000000008c700000| Complete 
| 200|0x000000008c800000, 0x000000008c900000, 0x000000008c900000|100%|HS|  |TAMS 0x000000008c800000| PB 0x000000008c800000| Complete 
| 201|0x000000008c900000, 0x000000008ca00000, 0x000000008ca00000|100%|HC|  |TAMS 0x000000008c900000| PB 0x000000008c900000| Complete 
| 202|0x000000008ca00000, 0x000000008cb00000, 0x000000008cb00000|100%|HS|  |TAMS 0x000000008ca00000| PB 0x000000008ca00000| Complete 
| 203|0x000000008cb00000, 0x000000008cc00000, 0x000000008cc00000|100%|HC|  |TAMS 0x000000008cb00000| PB 0x000000008cb00000| Complete 
| 204|0x000000008cc00000, 0x000000008cd00000, 0x000000008cd00000|100%|HS|  |TAMS 0x000000008cc00000| PB 0x000000008cc00000| Complete 
| 205|0x000000008cd00000, 0x000000008ce00000, 0x000000008ce00000|100%|HC|  |TAMS 0x000000008cd00000| PB 0x000000008cd00000| Complete 
| 206|0x000000008ce00000, 0x000000008cf00000, 0x000000008cf00000|100%| E|CS|TAMS 0x000000008ce00000| PB 0x000000008ce00000| Complete 
| 207|0x000000008cf00000, 0x000000008d000000, 0x000000008d000000|100%| O|  |TAMS 0x000000008cf00000| PB 0x000000008cf00000| Untracked 
| 208|0x000000008d000000, 0x000000008d100000, 0x000000008d100000|100%|HS|  |TAMS 0x000000008d000000| PB 0x000000008d000000| Complete 
| 209|0x000000008d100000, 0x000000008d200000, 0x000000008d200000|100%|HC|  |TAMS 0x000000008d100000| PB 0x000000008d100000| Complete 
| 210|0x000000008d200000, 0x000000008d300000, 0x000000008d300000|100%|HS|  |TAMS 0x000000008d200000| PB 0x000000008d200000| Complete 
| 211|0x000000008d300000, 0x000000008d400000, 0x000000008d400000|100%|HC|  |TAMS 0x000000008d300000| PB 0x000000008d300000| Complete 
| 212|0x000000008d400000, 0x000000008d500000, 0x000000008d500000|100%|HS|  |TAMS 0x000000008d400000| PB 0x000000008d400000| Complete 
| 213|0x000000008d500000, 0x000000008d600000, 0x000000008d600000|100%|HC|  |TAMS 0x000000008d500000| PB 0x000000008d500000| Complete 
| 214|0x000000008d600000, 0x000000008d700000, 0x000000008d700000|100%|HS|  |TAMS 0x000000008d600000| PB 0x000000008d600000| Complete 
| 215|0x000000008d700000, 0x000000008d800000, 0x000000008d800000|100%|HC|  |TAMS 0x000000008d700000| PB 0x000000008d700000| Complete 
| 216|0x000000008d800000, 0x000000008d900000, 0x000000008d900000|100%|HS|  |TAMS 0x000000008d800000| PB 0x000000008d800000| Complete 
| 217|0x000000008d900000, 0x000000008da00000, 0x000000008da00000|100%|HC|  |TAMS 0x000000008d900000| PB 0x000000008d900000| Complete 
| 218|0x000000008da00000, 0x000000008db00000, 0x000000008db00000|100%|HS|  |TAMS 0x000000008da00000| PB 0x000000008da00000| Complete 
| 219|0x000000008db00000, 0x000000008dc00000, 0x000000008dc00000|100%|HC|  |TAMS 0x000000008db00000| PB 0x000000008db00000| Complete 
| 220|0x000000008dc00000, 0x000000008dd00000, 0x000000008dd00000|100%|HS|  |TAMS 0x000000008dc00000| PB 0x000000008dc00000| Complete 
| 221|0x000000008dd00000, 0x000000008de00000, 0x000000008de00000|100%|HC|  |TAMS 0x000000008dd00000| PB 0x000000008dd00000| Complete 
| 222|0x000000008de00000, 0x000000008df00000, 0x000000008df00000|100%| E|CS|TAMS 0x000000008de00000| PB 0x000000008de00000| Complete 
| 223|0x000000008df00000, 0x000000008e000000, 0x000000008e000000|100%| E|CS|TAMS 0x000000008df00000| PB 0x000000008df00000| Complete 
| 224|0x000000008e000000, 0x000000008e100000, 0x000000008e100000|100%| E|CS|TAMS 0x000000008e000000| PB 0x000000008e000000| Complete 
| 225|0x000000008e100000, 0x000000008e200000, 0x000000008e200000|100%| E|CS|TAMS 0x000000008e100000| PB 0x000000008e100000| Complete 
| 226|0x000000008e200000, 0x000000008e300000, 0x000000008e300000|100%| E|CS|TAMS 0x000000008e200000| PB 0x000000008e200000| Complete 
| 227|0x000000008e300000, 0x000000008e400000, 0x000000008e400000|100%| E|CS|TAMS 0x000000008e300000| PB 0x000000008e300000| Complete 
| 228|0x000000008e400000, 0x000000008e500000, 0x000000008e500000|100%| E|CS|TAMS 0x000000008e400000| PB 0x000000008e400000| Complete 
| 229|0x000000008e500000, 0x000000008e600000, 0x000000008e600000|100%| E|CS|TAMS 0x000000008e500000| PB 0x000000008e500000| Complete 
| 230|0x000000008e600000, 0x000000008e700000, 0x000000008e700000|100%| E|CS|TAMS 0x000000008e600000| PB 0x000000008e600000| Complete 
| 231|0x000000008e700000, 0x000000008e800000, 0x000000008e800000|100%| E|CS|TAMS 0x000000008e700000| PB 0x000000008e700000| Complete 
| 232|0x000000008e800000, 0x000000008e900000, 0x000000008e900000|100%| E|CS|TAMS 0x000000008e800000| PB 0x000000008e800000| Complete 
| 233|0x000000008e900000, 0x000000008ea00000, 0x000000008ea00000|100%| E|CS|TAMS 0x000000008e900000| PB 0x000000008e900000| Complete 
| 234|0x000000008ea00000, 0x000000008eb00000, 0x000000008eb00000|100%| E|CS|TAMS 0x000000008ea00000| PB 0x000000008ea00000| Complete 
| 235|0x000000008eb00000, 0x000000008ec00000, 0x000000008ec00000|100%| E|CS|TAMS 0x000000008eb00000| PB 0x000000008eb00000| Complete 
| 236|0x000000008ec00000, 0x000000008ed00000, 0x000000008ed00000|100%| E|CS|TAMS 0x000000008ec00000| PB 0x000000008ec00000| Complete 
| 237|0x000000008ed00000, 0x000000008ee00000, 0x000000008ee00000|100%| E|CS|TAMS 0x000000008ed00000| PB 0x000000008ed00000| Complete 
| 238|0x000000008ee00000, 0x000000008ef00000, 0x000000008ef00000|100%| E|CS|TAMS 0x000000008ee00000| PB 0x000000008ee00000| Complete 
| 239|0x000000008ef00000, 0x000000008f000000, 0x000000008f000000|100%| E|CS|TAMS 0x000000008ef00000| PB 0x000000008ef00000| Complete 
| 240|0x000000008f000000, 0x000000008f100000, 0x000000008f100000|100%| E|CS|TAMS 0x000000008f000000| PB 0x000000008f000000| Complete 
| 241|0x000000008f100000, 0x000000008f200000, 0x000000008f200000|100%| E|CS|TAMS 0x000000008f100000| PB 0x000000008f100000| Complete 
| 242|0x000000008f200000, 0x000000008f300000, 0x000000008f300000|100%| E|CS|TAMS 0x000000008f200000| PB 0x000000008f200000| Complete 
| 243|0x000000008f300000, 0x000000008f400000, 0x000000008f400000|100%| E|CS|TAMS 0x000000008f300000| PB 0x000000008f300000| Complete 
| 244|0x000000008f400000, 0x000000008f500000, 0x000000008f500000|100%| E|CS|TAMS 0x000000008f400000| PB 0x000000008f400000| Complete 
| 245|0x000000008f500000, 0x000000008f600000, 0x000000008f600000|100%| E|CS|TAMS 0x000000008f500000| PB 0x000000008f500000| Complete 
| 246|0x000000008f600000, 0x000000008f700000, 0x000000008f700000|100%| E|CS|TAMS 0x000000008f600000| PB 0x000000008f600000| Complete 
| 247|0x000000008f700000, 0x000000008f800000, 0x000000008f800000|100%| E|CS|TAMS 0x000000008f700000| PB 0x000000008f700000| Complete 
| 248|0x000000008f800000, 0x000000008f900000, 0x000000008f900000|100%| E|CS|TAMS 0x000000008f800000| PB 0x000000008f800000| Complete 
| 249|0x000000008f900000, 0x000000008fa00000, 0x000000008fa00000|100%| E|CS|TAMS 0x000000008f900000| PB 0x000000008f900000| Complete 
| 250|0x000000008fa00000, 0x000000008fb00000, 0x000000008fb00000|100%| E|CS|TAMS 0x000000008fa00000| PB 0x000000008fa00000| Complete 
| 251|0x000000008fb00000, 0x000000008fc00000, 0x000000008fc00000|100%| E|CS|TAMS 0x000000008fb00000| PB 0x000000008fb00000| Complete 
| 252|0x000000008fc00000, 0x000000008fd00000, 0x000000008fd00000|100%| E|CS|TAMS 0x000000008fc00000| PB 0x000000008fc00000| Complete 
| 253|0x000000008fd00000, 0x000000008fe00000, 0x000000008fe00000|100%| E|CS|TAMS 0x000000008fd00000| PB 0x000000008fd00000| Complete 
| 254|0x000000008fe00000, 0x000000008ff00000, 0x000000008ff00000|100%| E|CS|TAMS 0x000000008fe00000| PB 0x000000008fe00000| Complete 
| 255|0x000000008ff00000, 0x0000000090000000, 0x0000000090000000|100%| E|CS|TAMS 0x000000008ff00000| PB 0x000000008ff00000| Complete 
| 256|0x0000000090000000, 0x0000000090100000, 0x0000000090100000|100%| E|CS|TAMS 0x0000000090000000| PB 0x0000000090000000| Complete 
| 257|0x0000000090100000, 0x0000000090200000, 0x0000000090200000|100%| E|CS|TAMS 0x0000000090100000| PB 0x0000000090100000| Complete 
| 258|0x0000000090200000, 0x0000000090300000, 0x0000000090300000|100%| E|CS|TAMS 0x0000000090200000| PB 0x0000000090200000| Complete 
| 259|0x0000000090300000, 0x0000000090400000, 0x0000000090400000|100%| E|CS|TAMS 0x0000000090300000| PB 0x0000000090300000| Complete 
| 260|0x0000000090400000, 0x0000000090500000, 0x0000000090500000|100%| E|CS|TAMS 0x0000000090400000| PB 0x0000000090400000| Complete 
| 261|0x0000000090500000, 0x0000000090600000, 0x0000000090600000|100%| E|CS|TAMS 0x0000000090500000| PB 0x0000000090500000| Complete 
| 262|0x0000000090600000, 0x0000000090700000, 0x0000000090700000|100%| E|CS|TAMS 0x0000000090600000| PB 0x0000000090600000| Complete 
| 263|0x0000000090700000, 0x0000000090800000, 0x0000000090800000|100%| E|CS|TAMS 0x0000000090700000| PB 0x0000000090700000| Complete 
| 264|0x0000000090800000, 0x0000000090900000, 0x0000000090900000|100%| E|CS|TAMS 0x0000000090800000| PB 0x0000000090800000| Complete 
| 265|0x0000000090900000, 0x0000000090a00000, 0x0000000090a00000|100%| E|CS|TAMS 0x0000000090900000| PB 0x0000000090900000| Complete 
| 266|0x0000000090a00000, 0x0000000090b00000, 0x0000000090b00000|100%| E|CS|TAMS 0x0000000090a00000| PB 0x0000000090a00000| Complete 
| 267|0x0000000090b00000, 0x0000000090c00000, 0x0000000090c00000|100%| E|CS|TAMS 0x0000000090b00000| PB 0x0000000090b00000| Complete 
| 268|0x0000000090c00000, 0x0000000090d00000, 0x0000000090d00000|100%| E|CS|TAMS 0x0000000090c00000| PB 0x0000000090c00000| Complete 
| 269|0x0000000090d00000, 0x0000000090e00000, 0x0000000090e00000|100%| E|CS|TAMS 0x0000000090d00000| PB 0x0000000090d00000| Complete 
| 270|0x0000000090e00000, 0x0000000090f00000, 0x0000000090f00000|100%| E|CS|TAMS 0x0000000090e00000| PB 0x0000000090e00000| Complete 
| 271|0x0000000090f00000, 0x0000000091000000, 0x0000000091000000|100%| E|CS|TAMS 0x0000000090f00000| PB 0x0000000090f00000| Complete 
| 272|0x0000000091000000, 0x0000000091100000, 0x0000000091100000|100%| E|CS|TAMS 0x0000000091000000| PB 0x0000000091000000| Complete 
| 273|0x0000000091100000, 0x0000000091200000, 0x0000000091200000|100%| E|CS|TAMS 0x0000000091100000| PB 0x0000000091100000| Complete 
| 274|0x0000000091200000, 0x0000000091300000, 0x0000000091300000|100%| E|CS|TAMS 0x0000000091200000| PB 0x0000000091200000| Complete 
| 275|0x0000000091300000, 0x0000000091400000, 0x0000000091400000|100%| E|CS|TAMS 0x0000000091300000| PB 0x0000000091300000| Complete 
| 276|0x0000000091400000, 0x0000000091500000, 0x0000000091500000|100%| E|CS|TAMS 0x0000000091400000| PB 0x0000000091400000| Complete 
| 277|0x0000000091500000, 0x0000000091600000, 0x0000000091600000|100%| E|CS|TAMS 0x0000000091500000| PB 0x0000000091500000| Complete 
| 278|0x0000000091600000, 0x0000000091700000, 0x0000000091700000|100%| E|CS|TAMS 0x0000000091600000| PB 0x0000000091600000| Complete 
| 279|0x0000000091700000, 0x0000000091800000, 0x0000000091800000|100%| E|CS|TAMS 0x0000000091700000| PB 0x0000000091700000| Complete 
| 280|0x0000000091800000, 0x0000000091900000, 0x0000000091900000|100%| E|CS|TAMS 0x0000000091800000| PB 0x0000000091800000| Complete 
| 281|0x0000000091900000, 0x0000000091a00000, 0x0000000091a00000|100%| E|CS|TAMS 0x0000000091900000| PB 0x0000000091900000| Complete 
| 282|0x0000000091a00000, 0x0000000091b00000, 0x0000000091b00000|100%| E|CS|TAMS 0x0000000091a00000| PB 0x0000000091a00000| Complete 
| 283|0x0000000091b00000, 0x0000000091c00000, 0x0000000091c00000|100%| E|CS|TAMS 0x0000000091b00000| PB 0x0000000091b00000| Complete 
| 284|0x0000000091c00000, 0x0000000091d00000, 0x0000000091d00000|100%| E|CS|TAMS 0x0000000091c00000| PB 0x0000000091c00000| Complete 
| 285|0x0000000091d00000, 0x0000000091e00000, 0x0000000091e00000|100%| E|CS|TAMS 0x0000000091d00000| PB 0x0000000091d00000| Complete 
| 286|0x0000000091e00000, 0x0000000091f00000, 0x0000000091f00000|100%| E|CS|TAMS 0x0000000091e00000| PB 0x0000000091e00000| Complete 
| 287|0x0000000091f00000, 0x0000000092000000, 0x0000000092000000|100%| E|CS|TAMS 0x0000000091f00000| PB 0x0000000091f00000| Complete 
| 288|0x0000000092000000, 0x0000000092100000, 0x0000000092100000|100%| E|CS|TAMS 0x0000000092000000| PB 0x0000000092000000| Complete 
| 289|0x0000000092100000, 0x0000000092200000, 0x0000000092200000|100%| E|CS|TAMS 0x0000000092100000| PB 0x0000000092100000| Complete 
| 290|0x0000000092200000, 0x0000000092300000, 0x0000000092300000|100%| E|CS|TAMS 0x0000000092200000| PB 0x0000000092200000| Complete 
| 291|0x0000000092300000, 0x0000000092400000, 0x0000000092400000|100%| E|CS|TAMS 0x0000000092300000| PB 0x0000000092300000| Complete 
| 292|0x0000000092400000, 0x0000000092500000, 0x0000000092500000|100%| E|CS|TAMS 0x0000000092400000| PB 0x0000000092400000| Complete 
| 293|0x0000000092500000, 0x0000000092600000, 0x0000000092600000|100%| E|CS|TAMS 0x0000000092500000| PB 0x0000000092500000| Complete 
| 294|0x0000000092600000, 0x0000000092700000, 0x0000000092700000|100%| E|CS|TAMS 0x0000000092600000| PB 0x0000000092600000| Complete 
| 295|0x0000000092700000, 0x0000000092800000, 0x0000000092800000|100%| E|CS|TAMS 0x0000000092700000| PB 0x0000000092700000| Complete 
| 296|0x0000000092800000, 0x0000000092900000, 0x0000000092900000|100%| E|CS|TAMS 0x0000000092800000| PB 0x0000000092800000| Complete 
| 297|0x0000000092900000, 0x0000000092a00000, 0x0000000092a00000|100%| E|CS|TAMS 0x0000000092900000| PB 0x0000000092900000| Complete 
| 298|0x0000000092a00000, 0x0000000092b00000, 0x0000000092b00000|100%| E|CS|TAMS 0x0000000092a00000| PB 0x0000000092a00000| Complete 
| 299|0x0000000092b00000, 0x0000000092c00000, 0x0000000092c00000|100%| E|CS|TAMS 0x0000000092b00000| PB 0x0000000092b00000| Complete 
| 300|0x0000000092c00000, 0x0000000092d00000, 0x0000000092d00000|100%| E|CS|TAMS 0x0000000092c00000| PB 0x0000000092c00000| Complete 
| 301|0x0000000092d00000, 0x0000000092e00000, 0x0000000092e00000|100%| E|CS|TAMS 0x0000000092d00000| PB 0x0000000092d00000| Complete 
| 302|0x0000000092e00000, 0x0000000092f00000, 0x0000000092f00000|100%| E|CS|TAMS 0x0000000092e00000| PB 0x0000000092e00000| Complete 
| 303|0x0000000092f00000, 0x0000000093000000, 0x0000000093000000|100%| E|CS|TAMS 0x0000000092f00000| PB 0x0000000092f00000| Complete 
| 304|0x0000000093000000, 0x0000000093100000, 0x0000000093100000|100%| E|CS|TAMS 0x0000000093000000| PB 0x0000000093000000| Complete 
| 305|0x0000000093100000, 0x0000000093200000, 0x0000000093200000|100%| E|CS|TAMS 0x0000000093100000| PB 0x0000000093100000| Complete 
| 306|0x0000000093200000, 0x0000000093300000, 0x0000000093300000|100%| E|CS|TAMS 0x0000000093200000| PB 0x0000000093200000| Complete 
| 307|0x0000000093300000, 0x0000000093400000, 0x0000000093400000|100%| E|CS|TAMS 0x0000000093300000| PB 0x0000000093300000| Complete 
| 308|0x0000000093400000, 0x0000000093500000, 0x0000000093500000|100%| E|CS|TAMS 0x0000000093400000| PB 0x0000000093400000| Complete 
| 309|0x0000000093500000, 0x0000000093600000, 0x0000000093600000|100%| E|CS|TAMS 0x0000000093500000| PB 0x0000000093500000| Complete 
| 310|0x0000000093600000, 0x0000000093700000, 0x0000000093700000|100%| E|CS|TAMS 0x0000000093600000| PB 0x0000000093600000| Complete 
| 311|0x0000000093700000, 0x0000000093800000, 0x0000000093800000|100%| E|CS|TAMS 0x0000000093700000| PB 0x0000000093700000| Complete 
| 312|0x0000000093800000, 0x0000000093900000, 0x0000000093900000|100%| E|CS|TAMS 0x0000000093800000| PB 0x0000000093800000| Complete 
| 313|0x0000000093900000, 0x0000000093a00000, 0x0000000093a00000|100%| E|CS|TAMS 0x0000000093900000| PB 0x0000000093900000| Complete 
| 314|0x0000000093a00000, 0x0000000093b00000, 0x0000000093b00000|100%| E|CS|TAMS 0x0000000093a00000| PB 0x0000000093a00000| Complete 
| 315|0x0000000093b00000, 0x0000000093c00000, 0x0000000093c00000|100%| E|CS|TAMS 0x0000000093b00000| PB 0x0000000093b00000| Complete 
| 316|0x0000000093c00000, 0x0000000093d00000, 0x0000000093d00000|100%| E|CS|TAMS 0x0000000093c00000| PB 0x0000000093c00000| Complete 
| 317|0x0000000093d00000, 0x0000000093e00000, 0x0000000093e00000|100%| E|CS|TAMS 0x0000000093d00000| PB 0x0000000093d00000| Complete 
| 318|0x0000000093e00000, 0x0000000093f00000, 0x0000000093f00000|100%| E|CS|TAMS 0x0000000093e00000| PB 0x0000000093e00000| Complete 
| 319|0x0000000093f00000, 0x0000000094000000, 0x0000000094000000|100%| E|CS|TAMS 0x0000000093f00000| PB 0x0000000093f00000| Complete 
| 320|0x0000000094000000, 0x0000000094100000, 0x0000000094100000|100%| E|CS|TAMS 0x0000000094000000| PB 0x0000000094000000| Complete 
| 321|0x0000000094100000, 0x0000000094200000, 0x0000000094200000|100%| E|CS|TAMS 0x0000000094100000| PB 0x0000000094100000| Complete 
| 322|0x0000000094200000, 0x0000000094300000, 0x0000000094300000|100%| E|CS|TAMS 0x0000000094200000| PB 0x0000000094200000| Complete 
| 323|0x0000000094300000, 0x0000000094400000, 0x0000000094400000|100%| E|CS|TAMS 0x0000000094300000| PB 0x0000000094300000| Complete 
| 324|0x0000000094400000, 0x0000000094500000, 0x0000000094500000|100%| E|CS|TAMS 0x0000000094400000| PB 0x0000000094400000| Complete 
| 325|0x0000000094500000, 0x0000000094600000, 0x0000000094600000|100%| E|CS|TAMS 0x0000000094500000| PB 0x0000000094500000| Complete 
| 326|0x0000000094600000, 0x0000000094700000, 0x0000000094700000|100%| E|CS|TAMS 0x0000000094600000| PB 0x0000000094600000| Complete 
| 327|0x0000000094700000, 0x0000000094800000, 0x0000000094800000|100%| E|CS|TAMS 0x0000000094700000| PB 0x0000000094700000| Complete 
| 328|0x0000000094800000, 0x0000000094900000, 0x0000000094900000|100%| E|CS|TAMS 0x0000000094800000| PB 0x0000000094800000| Complete 
| 329|0x0000000094900000, 0x0000000094a00000, 0x0000000094a00000|100%| E|CS|TAMS 0x0000000094900000| PB 0x0000000094900000| Complete 
| 330|0x0000000094a00000, 0x0000000094b00000, 0x0000000094b00000|100%| E|CS|TAMS 0x0000000094a00000| PB 0x0000000094a00000| Complete 
| 331|0x0000000094b00000, 0x0000000094c00000, 0x0000000094c00000|100%| E|CS|TAMS 0x0000000094b00000| PB 0x0000000094b00000| Complete 
| 332|0x0000000094c00000, 0x0000000094d00000, 0x0000000094d00000|100%| E|CS|TAMS 0x0000000094c00000| PB 0x0000000094c00000| Complete 
| 333|0x0000000094d00000, 0x0000000094e00000, 0x0000000094e00000|100%| E|CS|TAMS 0x0000000094d00000| PB 0x0000000094d00000| Complete 
| 334|0x0000000094e00000, 0x0000000094f00000, 0x0000000094f00000|100%| E|CS|TAMS 0x0000000094e00000| PB 0x0000000094e00000| Complete 
| 335|0x0000000094f00000, 0x0000000095000000, 0x0000000095000000|100%| E|CS|TAMS 0x0000000094f00000| PB 0x0000000094f00000| Complete 
| 336|0x0000000095000000, 0x0000000095100000, 0x0000000095100000|100%| E|CS|TAMS 0x0000000095000000| PB 0x0000000095000000| Complete 
| 337|0x0000000095100000, 0x0000000095200000, 0x0000000095200000|100%| E|CS|TAMS 0x0000000095100000| PB 0x0000000095100000| Complete 
| 338|0x0000000095200000, 0x0000000095300000, 0x0000000095300000|100%| E|CS|TAMS 0x0000000095200000| PB 0x0000000095200000| Complete 
| 339|0x0000000095300000, 0x0000000095400000, 0x0000000095400000|100%| E|CS|TAMS 0x0000000095300000| PB 0x0000000095300000| Complete 
| 340|0x0000000095400000, 0x0000000095500000, 0x0000000095500000|100%| E|CS|TAMS 0x0000000095400000| PB 0x0000000095400000| Complete 
| 341|0x0000000095500000, 0x0000000095600000, 0x0000000095600000|100%| E|CS|TAMS 0x0000000095500000| PB 0x0000000095500000| Complete 
| 342|0x0000000095600000, 0x0000000095700000, 0x0000000095700000|100%| E|CS|TAMS 0x0000000095600000| PB 0x0000000095600000| Complete 
| 343|0x0000000095700000, 0x0000000095800000, 0x0000000095800000|100%| E|CS|TAMS 0x0000000095700000| PB 0x0000000095700000| Complete 
| 344|0x0000000095800000, 0x0000000095900000, 0x0000000095900000|100%| E|CS|TAMS 0x0000000095800000| PB 0x0000000095800000| Complete 
| 345|0x0000000095900000, 0x0000000095a00000, 0x0000000095a00000|100%| E|CS|TAMS 0x0000000095900000| PB 0x0000000095900000| Complete 
| 346|0x0000000095a00000, 0x0000000095b00000, 0x0000000095b00000|100%| E|CS|TAMS 0x0000000095a00000| PB 0x0000000095a00000| Complete 
| 347|0x0000000095b00000, 0x0000000095c00000, 0x0000000095c00000|100%| E|CS|TAMS 0x0000000095b00000| PB 0x0000000095b00000| Complete 
| 348|0x0000000095c00000, 0x0000000095d00000, 0x0000000095d00000|100%| E|CS|TAMS 0x0000000095c00000| PB 0x0000000095c00000| Complete 
| 349|0x0000000095d00000, 0x0000000095e00000, 0x0000000095e00000|100%| E|CS|TAMS 0x0000000095d00000| PB 0x0000000095d00000| Complete 
| 350|0x0000000095e00000, 0x0000000095f00000, 0x0000000095f00000|100%| E|CS|TAMS 0x0000000095e00000| PB 0x0000000095e00000| Complete 
| 351|0x0000000095f00000, 0x0000000096000000, 0x0000000096000000|100%| E|CS|TAMS 0x0000000095f00000| PB 0x0000000095f00000| Complete 
| 352|0x0000000096000000, 0x0000000096100000, 0x0000000096100000|100%| E|CS|TAMS 0x0000000096000000| PB 0x0000000096000000| Complete 
| 353|0x0000000096100000, 0x0000000096200000, 0x0000000096200000|100%| E|CS|TAMS 0x0000000096100000| PB 0x0000000096100000| Complete 
| 354|0x0000000096200000, 0x0000000096300000, 0x0000000096300000|100%| E|CS|TAMS 0x0000000096200000| PB 0x0000000096200000| Complete 
| 355|0x0000000096300000, 0x0000000096400000, 0x0000000096400000|100%| E|CS|TAMS 0x0000000096300000| PB 0x0000000096300000| Complete 
| 356|0x0000000096400000, 0x0000000096500000, 0x0000000096500000|100%| E|CS|TAMS 0x0000000096400000| PB 0x0000000096400000| Complete 
| 357|0x0000000096500000, 0x0000000096600000, 0x0000000096600000|100%| E|CS|TAMS 0x0000000096500000| PB 0x0000000096500000| Complete 
| 358|0x0000000096600000, 0x0000000096700000, 0x0000000096700000|100%| E|CS|TAMS 0x0000000096600000| PB 0x0000000096600000| Complete 
| 359|0x0000000096700000, 0x0000000096800000, 0x0000000096800000|100%| E|CS|TAMS 0x0000000096700000| PB 0x0000000096700000| Complete 
| 360|0x0000000096800000, 0x0000000096900000, 0x0000000096900000|100%| E|CS|TAMS 0x0000000096800000| PB 0x0000000096800000| Complete 
| 361|0x0000000096900000, 0x0000000096a00000, 0x0000000096a00000|100%| E|CS|TAMS 0x0000000096900000| PB 0x0000000096900000| Complete 
| 362|0x0000000096a00000, 0x0000000096b00000, 0x0000000096b00000|100%| E|CS|TAMS 0x0000000096a00000| PB 0x0000000096a00000| Complete 
| 363|0x0000000096b00000, 0x0000000096c00000, 0x0000000096c00000|100%| E|CS|TAMS 0x0000000096b00000| PB 0x0000000096b00000| Complete 
| 364|0x0000000096c00000, 0x0000000096d00000, 0x0000000096d00000|100%| E|CS|TAMS 0x0000000096c00000| PB 0x0000000096c00000| Complete 
| 365|0x0000000096d00000, 0x0000000096e00000, 0x0000000096e00000|100%| E|CS|TAMS 0x0000000096d00000| PB 0x0000000096d00000| Complete 
| 366|0x0000000096e00000, 0x0000000096f00000, 0x0000000096f00000|100%| E|CS|TAMS 0x0000000096e00000| PB 0x0000000096e00000| Complete 
| 367|0x0000000096f00000, 0x0000000097000000, 0x0000000097000000|100%| E|CS|TAMS 0x0000000096f00000| PB 0x0000000096f00000| Complete 
| 368|0x0000000097000000, 0x0000000097100000, 0x0000000097100000|100%| E|CS|TAMS 0x0000000097000000| PB 0x0000000097000000| Complete 
| 369|0x0000000097100000, 0x0000000097200000, 0x0000000097200000|100%| E|CS|TAMS 0x0000000097100000| PB 0x0000000097100000| Complete 
| 370|0x0000000097200000, 0x0000000097300000, 0x0000000097300000|100%| E|CS|TAMS 0x0000000097200000| PB 0x0000000097200000| Complete 
| 371|0x0000000097300000, 0x0000000097400000, 0x0000000097400000|100%| E|CS|TAMS 0x0000000097300000| PB 0x0000000097300000| Complete 
| 372|0x0000000097400000, 0x0000000097500000, 0x0000000097500000|100%| E|CS|TAMS 0x0000000097400000| PB 0x0000000097400000| Complete 
| 373|0x0000000097500000, 0x0000000097600000, 0x0000000097600000|100%| E|CS|TAMS 0x0000000097500000| PB 0x0000000097500000| Complete 
| 374|0x0000000097600000, 0x0000000097700000, 0x0000000097700000|100%| E|CS|TAMS 0x0000000097600000| PB 0x0000000097600000| Complete 
| 375|0x0000000097700000, 0x0000000097800000, 0x0000000097800000|100%| E|CS|TAMS 0x0000000097700000| PB 0x0000000097700000| Complete 
| 376|0x0000000097800000, 0x0000000097900000, 0x0000000097900000|100%| E|CS|TAMS 0x0000000097800000| PB 0x0000000097800000| Complete 
| 377|0x0000000097900000, 0x0000000097a00000, 0x0000000097a00000|100%| E|CS|TAMS 0x0000000097900000| PB 0x0000000097900000| Complete 
| 378|0x0000000097a00000, 0x0000000097b00000, 0x0000000097b00000|100%| E|CS|TAMS 0x0000000097a00000| PB 0x0000000097a00000| Complete 
| 379|0x0000000097b00000, 0x0000000097c00000, 0x0000000097c00000|100%| E|CS|TAMS 0x0000000097b00000| PB 0x0000000097b00000| Complete 
| 380|0x0000000097c00000, 0x0000000097d00000, 0x0000000097d00000|100%| E|CS|TAMS 0x0000000097c00000| PB 0x0000000097c00000| Complete 
| 381|0x0000000097d00000, 0x0000000097e00000, 0x0000000097e00000|100%| E|CS|TAMS 0x0000000097d00000| PB 0x0000000097d00000| Complete 
| 382|0x0000000097e00000, 0x0000000097f00000, 0x0000000097f00000|100%| E|CS|TAMS 0x0000000097e00000| PB 0x0000000097e00000| Complete 
| 383|0x0000000097f00000, 0x0000000098000000, 0x0000000098000000|100%| E|CS|TAMS 0x0000000097f00000| PB 0x0000000097f00000| Complete 
| 384|0x0000000098000000, 0x0000000098100000, 0x0000000098100000|100%| E|CS|TAMS 0x0000000098000000| PB 0x0000000098000000| Complete 
| 385|0x0000000098100000, 0x0000000098200000, 0x0000000098200000|100%| E|CS|TAMS 0x0000000098100000| PB 0x0000000098100000| Complete 
| 386|0x0000000098200000, 0x0000000098300000, 0x0000000098300000|100%| E|CS|TAMS 0x0000000098200000| PB 0x0000000098200000| Complete 
| 387|0x0000000098300000, 0x0000000098400000, 0x0000000098400000|100%| E|CS|TAMS 0x0000000098300000| PB 0x0000000098300000| Complete 
| 388|0x0000000098400000, 0x0000000098500000, 0x0000000098500000|100%| E|CS|TAMS 0x0000000098400000| PB 0x0000000098400000| Complete 
| 389|0x0000000098500000, 0x0000000098600000, 0x0000000098600000|100%| E|CS|TAMS 0x0000000098500000| PB 0x0000000098500000| Complete 
| 390|0x0000000098600000, 0x0000000098700000, 0x0000000098700000|100%| E|CS|TAMS 0x0000000098600000| PB 0x0000000098600000| Complete 
| 391|0x0000000098700000, 0x0000000098800000, 0x0000000098800000|100%| E|CS|TAMS 0x0000000098700000| PB 0x0000000098700000| Complete 
| 392|0x0000000098800000, 0x0000000098900000, 0x0000000098900000|100%| E|CS|TAMS 0x0000000098800000| PB 0x0000000098800000| Complete 
| 393|0x0000000098900000, 0x0000000098a00000, 0x0000000098a00000|100%| E|CS|TAMS 0x0000000098900000| PB 0x0000000098900000| Complete 
| 394|0x0000000098a00000, 0x0000000098b00000, 0x0000000098b00000|100%| E|CS|TAMS 0x0000000098a00000| PB 0x0000000098a00000| Complete 
| 395|0x0000000098b00000, 0x0000000098c00000, 0x0000000098c00000|100%| E|CS|TAMS 0x0000000098b00000| PB 0x0000000098b00000| Complete 
| 396|0x0000000098c00000, 0x0000000098d00000, 0x0000000098d00000|100%| E|CS|TAMS 0x0000000098c00000| PB 0x0000000098c00000| Complete 
| 397|0x0000000098d00000, 0x0000000098e00000, 0x0000000098e00000|100%| E|CS|TAMS 0x0000000098d00000| PB 0x0000000098d00000| Complete 
| 398|0x0000000098e00000, 0x0000000098f00000, 0x0000000098f00000|100%| E|CS|TAMS 0x0000000098e00000| PB 0x0000000098e00000| Complete 
| 399|0x0000000098f00000, 0x0000000099000000, 0x0000000099000000|100%| E|CS|TAMS 0x0000000098f00000| PB 0x0000000098f00000| Complete 
| 400|0x0000000099000000, 0x0000000099100000, 0x0000000099100000|100%| E|CS|TAMS 0x0000000099000000| PB 0x0000000099000000| Complete 
| 401|0x0000000099100000, 0x0000000099200000, 0x0000000099200000|100%| E|CS|TAMS 0x0000000099100000| PB 0x0000000099100000| Complete 
| 402|0x0000000099200000, 0x0000000099300000, 0x0000000099300000|100%| E|CS|TAMS 0x0000000099200000| PB 0x0000000099200000| Complete 
| 403|0x0000000099300000, 0x0000000099400000, 0x0000000099400000|100%| E|CS|TAMS 0x0000000099300000| PB 0x0000000099300000| Complete 
| 404|0x0000000099400000, 0x0000000099500000, 0x0000000099500000|100%| E|CS|TAMS 0x0000000099400000| PB 0x0000000099400000| Complete 
| 405|0x0000000099500000, 0x0000000099600000, 0x0000000099600000|100%| E|CS|TAMS 0x0000000099500000| PB 0x0000000099500000| Complete 
| 406|0x0000000099600000, 0x0000000099700000, 0x0000000099700000|100%| E|CS|TAMS 0x0000000099600000| PB 0x0000000099600000| Complete 
| 407|0x0000000099700000, 0x0000000099800000, 0x0000000099800000|100%| E|CS|TAMS 0x0000000099700000| PB 0x0000000099700000| Complete 
| 408|0x0000000099800000, 0x0000000099900000, 0x0000000099900000|100%| E|CS|TAMS 0x0000000099800000| PB 0x0000000099800000| Complete 
| 409|0x0000000099900000, 0x0000000099a00000, 0x0000000099a00000|100%| E|CS|TAMS 0x0000000099900000| PB 0x0000000099900000| Complete 
| 410|0x0000000099a00000, 0x0000000099b00000, 0x0000000099b00000|100%| E|CS|TAMS 0x0000000099a00000| PB 0x0000000099a00000| Complete 
| 411|0x0000000099b00000, 0x0000000099c00000, 0x0000000099c00000|100%| E|CS|TAMS 0x0000000099b00000| PB 0x0000000099b00000| Complete 
| 412|0x0000000099c00000, 0x0000000099d00000, 0x0000000099d00000|100%| E|CS|TAMS 0x0000000099c00000| PB 0x0000000099c00000| Complete 
| 413|0x0000000099d00000, 0x0000000099e00000, 0x0000000099e00000|100%| E|CS|TAMS 0x0000000099d00000| PB 0x0000000099d00000| Complete 
| 414|0x0000000099e00000, 0x0000000099f00000, 0x0000000099f00000|100%| E|CS|TAMS 0x0000000099e00000| PB 0x0000000099e00000| Complete 
| 415|0x0000000099f00000, 0x000000009a000000, 0x000000009a000000|100%| E|CS|TAMS 0x0000000099f00000| PB 0x0000000099f00000| Complete 
| 416|0x000000009a000000, 0x000000009a100000, 0x000000009a100000|100%| E|CS|TAMS 0x000000009a000000| PB 0x000000009a000000| Complete 
| 417|0x000000009a100000, 0x000000009a200000, 0x000000009a200000|100%| E|CS|TAMS 0x000000009a100000| PB 0x000000009a100000| Complete 
| 418|0x000000009a200000, 0x000000009a300000, 0x000000009a300000|100%| E|CS|TAMS 0x000000009a200000| PB 0x000000009a200000| Complete 
| 419|0x000000009a300000, 0x000000009a400000, 0x000000009a400000|100%| E|CS|TAMS 0x000000009a300000| PB 0x000000009a300000| Complete 
| 420|0x000000009a400000, 0x000000009a500000, 0x000000009a500000|100%| E|CS|TAMS 0x000000009a400000| PB 0x000000009a400000| Complete 
| 421|0x000000009a500000, 0x000000009a600000, 0x000000009a600000|100%| E|CS|TAMS 0x000000009a500000| PB 0x000000009a500000| Complete 
| 422|0x000000009a600000, 0x000000009a700000, 0x000000009a700000|100%| E|CS|TAMS 0x000000009a600000| PB 0x000000009a600000| Complete 
| 423|0x000000009a700000, 0x000000009a800000, 0x000000009a800000|100%| E|CS|TAMS 0x000000009a700000| PB 0x000000009a700000| Complete 
| 424|0x000000009a800000, 0x000000009a900000, 0x000000009a900000|100%| E|CS|TAMS 0x000000009a800000| PB 0x000000009a800000| Complete 
| 425|0x000000009a900000, 0x000000009aa00000, 0x000000009aa00000|100%| E|CS|TAMS 0x000000009a900000| PB 0x000000009a900000| Complete 
| 426|0x000000009aa00000, 0x000000009aaffff8, 0x000000009ab00000| 99%| E|CS|TAMS 0x000000009aa00000| PB 0x000000009aa00000| Complete 
| 427|0x000000009ab00000, 0x000000009ac00000, 0x000000009ac00000|100%| E|CS|TAMS 0x000000009ab00000| PB 0x000000009ab00000| Complete 
| 428|0x000000009ac00000, 0x000000009ad00000, 0x000000009ad00000|100%| E|CS|TAMS 0x000000009ac00000| PB 0x000000009ac00000| Complete 
| 429|0x000000009ad00000, 0x000000009ae00000, 0x000000009ae00000|100%| E|CS|TAMS 0x000000009ad00000| PB 0x000000009ad00000| Complete 
| 430|0x000000009ae00000, 0x000000009af00000, 0x000000009af00000|100%| E|CS|TAMS 0x000000009ae00000| PB 0x000000009ae00000| Complete 
| 431|0x000000009af00000, 0x000000009b000000, 0x000000009b000000|100%| E|CS|TAMS 0x000000009af00000| PB 0x000000009af00000| Complete 
| 432|0x000000009b000000, 0x000000009b100000, 0x000000009b100000|100%| E|CS|TAMS 0x000000009b000000| PB 0x000000009b000000| Complete 
| 433|0x000000009b100000, 0x000000009b200000, 0x000000009b200000|100%| E|CS|TAMS 0x000000009b100000| PB 0x000000009b100000| Complete 
| 434|0x000000009b200000, 0x000000009b300000, 0x000000009b300000|100%| E|CS|TAMS 0x000000009b200000| PB 0x000000009b200000| Complete 
| 435|0x000000009b300000, 0x000000009b400000, 0x000000009b400000|100%| E|CS|TAMS 0x000000009b300000| PB 0x000000009b300000| Complete 
| 436|0x000000009b400000, 0x000000009b500000, 0x000000009b500000|100%| E|CS|TAMS 0x000000009b400000| PB 0x000000009b400000| Complete 
| 437|0x000000009b500000, 0x000000009b600000, 0x000000009b600000|100%| E|CS|TAMS 0x000000009b500000| PB 0x000000009b500000| Complete 
| 438|0x000000009b600000, 0x000000009b700000, 0x000000009b700000|100%| E|CS|TAMS 0x000000009b600000| PB 0x000000009b600000| Complete 
| 439|0x000000009b700000, 0x000000009b800000, 0x000000009b800000|100%| E|CS|TAMS 0x000000009b700000| PB 0x000000009b700000| Complete 
| 440|0x000000009b800000, 0x000000009b900000, 0x000000009b900000|100%| E|CS|TAMS 0x000000009b800000| PB 0x000000009b800000| Complete 
| 441|0x000000009b900000, 0x000000009ba00000, 0x000000009ba00000|100%| E|CS|TAMS 0x000000009b900000| PB 0x000000009b900000| Complete 
| 442|0x000000009ba00000, 0x000000009bb00000, 0x000000009bb00000|100%| E|CS|TAMS 0x000000009ba00000| PB 0x000000009ba00000| Complete 
| 443|0x000000009bb00000, 0x000000009bc00000, 0x000000009bc00000|100%| E|CS|TAMS 0x000000009bb00000| PB 0x000000009bb00000| Complete 
| 444|0x000000009bc00000, 0x000000009bd00000, 0x000000009bd00000|100%| E|CS|TAMS 0x000000009bc00000| PB 0x000000009bc00000| Complete 
| 445|0x000000009bd00000, 0x000000009be00000, 0x000000009be00000|100%| E|CS|TAMS 0x000000009bd00000| PB 0x000000009bd00000| Complete 
| 446|0x000000009be00000, 0x000000009bf00000, 0x000000009bf00000|100%| E|CS|TAMS 0x000000009be00000| PB 0x000000009be00000| Complete 
| 447|0x000000009bf00000, 0x000000009c000000, 0x000000009c000000|100%| E|CS|TAMS 0x000000009bf00000| PB 0x000000009bf00000| Complete 
| 448|0x000000009c000000, 0x000000009c100000, 0x000000009c100000|100%| E|CS|TAMS 0x000000009c000000| PB 0x000000009c000000| Complete 
| 449|0x000000009c100000, 0x000000009c200000, 0x000000009c200000|100%| E|CS|TAMS 0x000000009c100000| PB 0x000000009c100000| Complete 
| 450|0x000000009c200000, 0x000000009c300000, 0x000000009c300000|100%| E|CS|TAMS 0x000000009c200000| PB 0x000000009c200000| Complete 
| 451|0x000000009c300000, 0x000000009c400000, 0x000000009c400000|100%| E|CS|TAMS 0x000000009c300000| PB 0x000000009c300000| Complete 
| 452|0x000000009c400000, 0x000000009c500000, 0x000000009c500000|100%| E|CS|TAMS 0x000000009c400000| PB 0x000000009c400000| Complete 
| 453|0x000000009c500000, 0x000000009c600000, 0x000000009c600000|100%| E|CS|TAMS 0x000000009c500000| PB 0x000000009c500000| Complete 
| 454|0x000000009c600000, 0x000000009c700000, 0x000000009c700000|100%| E|CS|TAMS 0x000000009c600000| PB 0x000000009c600000| Complete 
| 455|0x000000009c700000, 0x000000009c800000, 0x000000009c800000|100%| E|CS|TAMS 0x000000009c700000| PB 0x000000009c700000| Complete 
| 456|0x000000009c800000, 0x000000009c900000, 0x000000009c900000|100%| E|CS|TAMS 0x000000009c800000| PB 0x000000009c800000| Complete 
| 457|0x000000009c900000, 0x000000009ca00000, 0x000000009ca00000|100%| E|CS|TAMS 0x000000009c900000| PB 0x000000009c900000| Complete 
| 458|0x000000009ca00000, 0x000000009cb00000, 0x000000009cb00000|100%| E|CS|TAMS 0x000000009ca00000| PB 0x000000009ca00000| Complete 
| 459|0x000000009cb00000, 0x000000009cc00000, 0x000000009cc00000|100%| E|CS|TAMS 0x000000009cb00000| PB 0x000000009cb00000| Complete 
| 460|0x000000009cc00000, 0x000000009cd00000, 0x000000009cd00000|100%| E|CS|TAMS 0x000000009cc00000| PB 0x000000009cc00000| Complete 
| 461|0x000000009cd00000, 0x000000009ce00000, 0x000000009ce00000|100%| E|CS|TAMS 0x000000009cd00000| PB 0x000000009cd00000| Complete 
| 462|0x000000009ce00000, 0x000000009cf00000, 0x000000009cf00000|100%| E|CS|TAMS 0x000000009ce00000| PB 0x000000009ce00000| Complete 
| 463|0x000000009cf00000, 0x000000009d000000, 0x000000009d000000|100%| E|CS|TAMS 0x000000009cf00000| PB 0x000000009cf00000| Complete 
| 464|0x000000009d000000, 0x000000009d100000, 0x000000009d100000|100%| E|CS|TAMS 0x000000009d000000| PB 0x000000009d000000| Complete 
| 465|0x000000009d100000, 0x000000009d200000, 0x000000009d200000|100%| E|CS|TAMS 0x000000009d100000| PB 0x000000009d100000| Complete 
| 466|0x000000009d200000, 0x000000009d300000, 0x000000009d300000|100%| E|CS|TAMS 0x000000009d200000| PB 0x000000009d200000| Complete 
| 467|0x000000009d300000, 0x000000009d400000, 0x000000009d400000|100%| E|CS|TAMS 0x000000009d300000| PB 0x000000009d300000| Complete 
| 468|0x000000009d400000, 0x000000009d500000, 0x000000009d500000|100%| E|CS|TAMS 0x000000009d400000| PB 0x000000009d400000| Complete 
| 469|0x000000009d500000, 0x000000009d600000, 0x000000009d600000|100%| E|CS|TAMS 0x000000009d500000| PB 0x000000009d500000| Complete 
| 470|0x000000009d600000, 0x000000009d700000, 0x000000009d700000|100%| E|CS|TAMS 0x000000009d600000| PB 0x000000009d600000| Complete 
| 471|0x000000009d700000, 0x000000009d800000, 0x000000009d800000|100%| E|CS|TAMS 0x000000009d700000| PB 0x000000009d700000| Complete 
| 472|0x000000009d800000, 0x000000009d900000, 0x000000009d900000|100%| E|CS|TAMS 0x000000009d800000| PB 0x000000009d800000| Complete 
| 473|0x000000009d900000, 0x000000009da00000, 0x000000009da00000|100%| E|CS|TAMS 0x000000009d900000| PB 0x000000009d900000| Complete 
| 474|0x000000009da00000, 0x000000009db00000, 0x000000009db00000|100%| E|CS|TAMS 0x000000009da00000| PB 0x000000009da00000| Complete 
| 475|0x000000009db00000, 0x000000009dc00000, 0x000000009dc00000|100%| E|CS|TAMS 0x000000009db00000| PB 0x000000009db00000| Complete 
| 476|0x000000009dc00000, 0x000000009dd00000, 0x000000009dd00000|100%| E|CS|TAMS 0x000000009dc00000| PB 0x000000009dc00000| Complete 
| 477|0x000000009dd00000, 0x000000009de00000, 0x000000009de00000|100%| E|CS|TAMS 0x000000009dd00000| PB 0x000000009dd00000| Complete 
| 478|0x000000009de00000, 0x000000009df00000, 0x000000009df00000|100%| E|CS|TAMS 0x000000009de00000| PB 0x000000009de00000| Complete 
| 479|0x000000009df00000, 0x000000009e000000, 0x000000009e000000|100%| E|CS|TAMS 0x000000009df00000| PB 0x000000009df00000| Complete 
| 480|0x000000009e000000, 0x000000009e100000, 0x000000009e100000|100%| E|CS|TAMS 0x000000009e000000| PB 0x000000009e000000| Complete 
| 481|0x000000009e100000, 0x000000009e200000, 0x000000009e200000|100%| E|CS|TAMS 0x000000009e100000| PB 0x000000009e100000| Complete 
| 482|0x000000009e200000, 0x000000009e300000, 0x000000009e300000|100%| E|CS|TAMS 0x000000009e200000| PB 0x000000009e200000| Complete 
| 483|0x000000009e300000, 0x000000009e400000, 0x000000009e400000|100%| E|CS|TAMS 0x000000009e300000| PB 0x000000009e300000| Complete 
| 484|0x000000009e400000, 0x000000009e500000, 0x000000009e500000|100%| E|CS|TAMS 0x000000009e400000| PB 0x000000009e400000| Complete 
| 485|0x000000009e500000, 0x000000009e600000, 0x000000009e600000|100%| E|CS|TAMS 0x000000009e500000| PB 0x000000009e500000| Complete 
| 486|0x000000009e600000, 0x000000009e700000, 0x000000009e700000|100%| E|CS|TAMS 0x000000009e600000| PB 0x000000009e600000| Complete 
| 487|0x000000009e700000, 0x000000009e800000, 0x000000009e800000|100%| E|CS|TAMS 0x000000009e700000| PB 0x000000009e700000| Complete 
| 488|0x000000009e800000, 0x000000009e900000, 0x000000009e900000|100%| E|CS|TAMS 0x000000009e800000| PB 0x000000009e800000| Complete 
| 489|0x000000009e900000, 0x000000009ea00000, 0x000000009ea00000|100%| E|CS|TAMS 0x000000009e900000| PB 0x000000009e900000| Complete 
| 490|0x000000009ea00000, 0x000000009eb00000, 0x000000009eb00000|100%| E|CS|TAMS 0x000000009ea00000| PB 0x000000009ea00000| Complete 
| 491|0x000000009eb00000, 0x000000009ec00000, 0x000000009ec00000|100%| E|CS|TAMS 0x000000009eb00000| PB 0x000000009eb00000| Complete 
| 492|0x000000009ec00000, 0x000000009ed00000, 0x000000009ed00000|100%| E|CS|TAMS 0x000000009ec00000| PB 0x000000009ec00000| Complete 
| 493|0x000000009ed00000, 0x000000009ee00000, 0x000000009ee00000|100%| E|CS|TAMS 0x000000009ed00000| PB 0x000000009ed00000| Complete 
| 494|0x000000009ee00000, 0x000000009ef00000, 0x000000009ef00000|100%| E|CS|TAMS 0x000000009ee00000| PB 0x000000009ee00000| Complete 
| 495|0x000000009ef00000, 0x000000009f000000, 0x000000009f000000|100%| E|CS|TAMS 0x000000009ef00000| PB 0x000000009ef00000| Complete 
| 496|0x000000009f000000, 0x000000009f100000, 0x000000009f100000|100%| E|CS|TAMS 0x000000009f000000| PB 0x000000009f000000| Complete 
| 497|0x000000009f100000, 0x000000009f200000, 0x000000009f200000|100%| E|CS|TAMS 0x000000009f100000| PB 0x000000009f100000| Complete 
| 498|0x000000009f200000, 0x000000009f300000, 0x000000009f300000|100%| E|CS|TAMS 0x000000009f200000| PB 0x000000009f200000| Complete 
| 499|0x000000009f300000, 0x000000009f400000, 0x000000009f400000|100%| E|CS|TAMS 0x000000009f300000| PB 0x000000009f300000| Complete 
| 500|0x000000009f400000, 0x000000009f500000, 0x000000009f500000|100%| E|CS|TAMS 0x000000009f400000| PB 0x000000009f400000| Complete 
| 501|0x000000009f500000, 0x000000009f600000, 0x000000009f600000|100%| E|CS|TAMS 0x000000009f500000| PB 0x000000009f500000| Complete 
| 502|0x000000009f600000, 0x000000009f700000, 0x000000009f700000|100%| E|CS|TAMS 0x000000009f600000| PB 0x000000009f600000| Complete 
| 503|0x000000009f700000, 0x000000009f800000, 0x000000009f800000|100%| E|CS|TAMS 0x000000009f700000| PB 0x000000009f700000| Complete 
| 504|0x000000009f800000, 0x000000009f900000, 0x000000009f900000|100%| E|CS|TAMS 0x000000009f800000| PB 0x000000009f800000| Complete 
| 505|0x000000009f900000, 0x000000009fa00000, 0x000000009fa00000|100%| E|CS|TAMS 0x000000009f900000| PB 0x000000009f900000| Complete 
| 506|0x000000009fa00000, 0x000000009fb00000, 0x000000009fb00000|100%| E|CS|TAMS 0x000000009fa00000| PB 0x000000009fa00000| Complete 
| 507|0x000000009fb00000, 0x000000009fc00000, 0x000000009fc00000|100%| E|CS|TAMS 0x000000009fb00000| PB 0x000000009fb00000| Complete 
| 508|0x000000009fc00000, 0x000000009fd00000, 0x000000009fd00000|100%| E|CS|TAMS 0x000000009fc00000| PB 0x000000009fc00000| Complete 
| 509|0x000000009fd00000, 0x000000009fe00000, 0x000000009fe00000|100%| E|CS|TAMS 0x000000009fd00000| PB 0x000000009fd00000| Complete 
| 510|0x000000009fe00000, 0x000000009ff00000, 0x000000009ff00000|100%| E|CS|TAMS 0x000000009fe00000| PB 0x000000009fe00000| Complete 
| 511|0x000000009ff00000, 0x00000000a0000000, 0x00000000a0000000|100%| E|CS|TAMS 0x000000009ff00000| PB 0x000000009ff00000| Complete 
| 512|0x00000000a0000000, 0x00000000a0100000, 0x00000000a0100000|100%| E|CS|TAMS 0x00000000a0000000| PB 0x00000000a0000000| Complete 
| 513|0x00000000a0100000, 0x00000000a0200000, 0x00000000a0200000|100%| E|CS|TAMS 0x00000000a0100000| PB 0x00000000a0100000| Complete 
| 514|0x00000000a0200000, 0x00000000a0300000, 0x00000000a0300000|100%| E|CS|TAMS 0x00000000a0200000| PB 0x00000000a0200000| Complete 
| 515|0x00000000a0300000, 0x00000000a0400000, 0x00000000a0400000|100%| E|CS|TAMS 0x00000000a0300000| PB 0x00000000a0300000| Complete 
| 516|0x00000000a0400000, 0x00000000a0500000, 0x00000000a0500000|100%| E|CS|TAMS 0x00000000a0400000| PB 0x00000000a0400000| Complete 
| 517|0x00000000a0500000, 0x00000000a0600000, 0x00000000a0600000|100%| E|CS|TAMS 0x00000000a0500000| PB 0x00000000a0500000| Complete 
| 518|0x00000000a0600000, 0x00000000a0700000, 0x00000000a0700000|100%| E|CS|TAMS 0x00000000a0600000| PB 0x00000000a0600000| Complete 
| 519|0x00000000a0700000, 0x00000000a0800000, 0x00000000a0800000|100%| E|CS|TAMS 0x00000000a0700000| PB 0x00000000a0700000| Complete 
| 520|0x00000000a0800000, 0x00000000a0900000, 0x00000000a0900000|100%| E|CS|TAMS 0x00000000a0800000| PB 0x00000000a0800000| Complete 
| 521|0x00000000a0900000, 0x00000000a0a00000, 0x00000000a0a00000|100%| E|CS|TAMS 0x00000000a0900000| PB 0x00000000a0900000| Complete 
| 522|0x00000000a0a00000, 0x00000000a0b00000, 0x00000000a0b00000|100%| E|CS|TAMS 0x00000000a0a00000| PB 0x00000000a0a00000| Complete 
| 523|0x00000000a0b00000, 0x00000000a0c00000, 0x00000000a0c00000|100%| E|CS|TAMS 0x00000000a0b00000| PB 0x00000000a0b00000| Complete 
| 524|0x00000000a0c00000, 0x00000000a0d00000, 0x00000000a0d00000|100%| E|CS|TAMS 0x00000000a0c00000| PB 0x00000000a0c00000| Complete 
| 525|0x00000000a0d00000, 0x00000000a0e00000, 0x00000000a0e00000|100%| E|CS|TAMS 0x00000000a0d00000| PB 0x00000000a0d00000| Complete 
| 526|0x00000000a0e00000, 0x00000000a0f00000, 0x00000000a0f00000|100%| E|CS|TAMS 0x00000000a0e00000| PB 0x00000000a0e00000| Complete 
| 527|0x00000000a0f00000, 0x00000000a1000000, 0x00000000a1000000|100%| E|CS|TAMS 0x00000000a0f00000| PB 0x00000000a0f00000| Complete 
| 528|0x00000000a1000000, 0x00000000a1100000, 0x00000000a1100000|100%| E|CS|TAMS 0x00000000a1000000| PB 0x00000000a1000000| Complete 
| 529|0x00000000a1100000, 0x00000000a1200000, 0x00000000a1200000|100%| E|CS|TAMS 0x00000000a1100000| PB 0x00000000a1100000| Complete 
| 530|0x00000000a1200000, 0x00000000a1300000, 0x00000000a1300000|100%| E|CS|TAMS 0x00000000a1200000| PB 0x00000000a1200000| Complete 
| 531|0x00000000a1300000, 0x00000000a1400000, 0x00000000a1400000|100%| E|CS|TAMS 0x00000000a1300000| PB 0x00000000a1300000| Complete 
| 532|0x00000000a1400000, 0x00000000a1500000, 0x00000000a1500000|100%|HS|  |TAMS 0x00000000a1400000| PB 0x00000000a1400000| Complete 
| 533|0x00000000a1500000, 0x00000000a1600000, 0x00000000a1600000|100%|HC|  |TAMS 0x00000000a1500000| PB 0x00000000a1500000| Complete 
| 534|0x00000000a1600000, 0x00000000a1700000, 0x00000000a1700000|100%| E|CS|TAMS 0x00000000a1600000| PB 0x00000000a1600000| Complete 
| 535|0x00000000a1700000, 0x00000000a1800000, 0x00000000a1800000|100%| E|CS|TAMS 0x00000000a1700000| PB 0x00000000a1700000| Complete 
| 536|0x00000000a1800000, 0x00000000a1900000, 0x00000000a1900000|100%| E|CS|TAMS 0x00000000a1800000| PB 0x00000000a1800000| Complete 
| 537|0x00000000a1900000, 0x00000000a1a00000, 0x00000000a1a00000|100%| E|CS|TAMS 0x00000000a1900000| PB 0x00000000a1900000| Complete 
| 538|0x00000000a1a00000, 0x00000000a1b00000, 0x00000000a1b00000|100%| E|CS|TAMS 0x00000000a1a00000| PB 0x00000000a1a00000| Complete 
| 539|0x00000000a1b00000, 0x00000000a1c00000, 0x00000000a1c00000|100%| E|CS|TAMS 0x00000000a1b00000| PB 0x00000000a1b00000| Complete 
| 540|0x00000000a1c00000, 0x00000000a1d00000, 0x00000000a1d00000|100%| E|CS|TAMS 0x00000000a1c00000| PB 0x00000000a1c00000| Complete 
| 541|0x00000000a1d00000, 0x00000000a1e00000, 0x00000000a1e00000|100%| E|CS|TAMS 0x00000000a1d00000| PB 0x00000000a1d00000| Complete 
| 542|0x00000000a1e00000, 0x00000000a1f00000, 0x00000000a1f00000|100%| E|CS|TAMS 0x00000000a1e00000| PB 0x00000000a1e00000| Complete 
| 543|0x00000000a1f00000, 0x00000000a2000000, 0x00000000a2000000|100%| E|CS|TAMS 0x00000000a1f00000| PB 0x00000000a1f00000| Complete 
| 544|0x00000000a2000000, 0x00000000a2100000, 0x00000000a2100000|100%| E|CS|TAMS 0x00000000a2000000| PB 0x00000000a2000000| Complete 
| 545|0x00000000a2100000, 0x00000000a2200000, 0x00000000a2200000|100%| E|CS|TAMS 0x00000000a2100000| PB 0x00000000a2100000| Complete 
| 546|0x00000000a2200000, 0x00000000a2300000, 0x00000000a2300000|100%| E|CS|TAMS 0x00000000a2200000| PB 0x00000000a2200000| Complete 
| 547|0x00000000a2300000, 0x00000000a2400000, 0x00000000a2400000|100%| E|CS|TAMS 0x00000000a2300000| PB 0x00000000a2300000| Complete 
| 548|0x00000000a2400000, 0x00000000a2500000, 0x00000000a2500000|100%| E|CS|TAMS 0x00000000a2400000| PB 0x00000000a2400000| Complete 
| 549|0x00000000a2500000, 0x00000000a2600000, 0x00000000a2600000|100%| E|CS|TAMS 0x00000000a2500000| PB 0x00000000a2500000| Complete 
| 550|0x00000000a2600000, 0x00000000a2700000, 0x00000000a2700000|100%| E|CS|TAMS 0x00000000a2600000| PB 0x00000000a2600000| Complete 
| 551|0x00000000a2700000, 0x00000000a2800000, 0x00000000a2800000|100%| E|CS|TAMS 0x00000000a2700000| PB 0x00000000a2700000| Complete 
| 552|0x00000000a2800000, 0x00000000a2900000, 0x00000000a2900000|100%| E|CS|TAMS 0x00000000a2800000| PB 0x00000000a2800000| Complete 
| 553|0x00000000a2900000, 0x00000000a2a00000, 0x00000000a2a00000|100%| E|CS|TAMS 0x00000000a2900000| PB 0x00000000a2900000| Complete 
| 554|0x00000000a2a00000, 0x00000000a2b00000, 0x00000000a2b00000|100%| E|CS|TAMS 0x00000000a2a00000| PB 0x00000000a2a00000| Complete 
| 555|0x00000000a2b00000, 0x00000000a2c00000, 0x00000000a2c00000|100%| E|CS|TAMS 0x00000000a2b00000| PB 0x00000000a2b00000| Complete 
| 556|0x00000000a2c00000, 0x00000000a2d00000, 0x00000000a2d00000|100%| E|CS|TAMS 0x00000000a2c00000| PB 0x00000000a2c00000| Complete 
| 557|0x00000000a2d00000, 0x00000000a2e00000, 0x00000000a2e00000|100%| E|CS|TAMS 0x00000000a2d00000| PB 0x00000000a2d00000| Complete 
| 558|0x00000000a2e00000, 0x00000000a2f00000, 0x00000000a2f00000|100%| E|CS|TAMS 0x00000000a2e00000| PB 0x00000000a2e00000| Complete 
| 559|0x00000000a2f00000, 0x00000000a3000000, 0x00000000a3000000|100%| E|CS|TAMS 0x00000000a2f00000| PB 0x00000000a2f00000| Complete 
| 560|0x00000000a3000000, 0x00000000a3100000, 0x00000000a3100000|100%| E|CS|TAMS 0x00000000a3000000| PB 0x00000000a3000000| Complete 
| 561|0x00000000a3100000, 0x00000000a3200000, 0x00000000a3200000|100%| E|CS|TAMS 0x00000000a3100000| PB 0x00000000a3100000| Complete 
| 562|0x00000000a3200000, 0x00000000a3300000, 0x00000000a3300000|100%| E|CS|TAMS 0x00000000a3200000| PB 0x00000000a3200000| Complete 
| 563|0x00000000a3300000, 0x00000000a3400000, 0x00000000a3400000|100%| E|CS|TAMS 0x00000000a3300000| PB 0x00000000a3300000| Complete 
| 564|0x00000000a3400000, 0x00000000a3500000, 0x00000000a3500000|100%|HS|  |TAMS 0x00000000a3400000| PB 0x00000000a3400000| Complete 
| 565|0x00000000a3500000, 0x00000000a3600000, 0x00000000a3600000|100%|HC|  |TAMS 0x00000000a3500000| PB 0x00000000a3500000| Complete 
| 566|0x00000000a3600000, 0x00000000a3700000, 0x00000000a3700000|100%|HS|  |TAMS 0x00000000a3600000| PB 0x00000000a3600000| Complete 
| 567|0x00000000a3700000, 0x00000000a3800000, 0x00000000a3800000|100%|HC|  |TAMS 0x00000000a3700000| PB 0x00000000a3700000| Complete 
| 568|0x00000000a3800000, 0x00000000a3900000, 0x00000000a3900000|100%|HS|  |TAMS 0x00000000a3800000| PB 0x00000000a3800000| Complete 
| 569|0x00000000a3900000, 0x00000000a3a00000, 0x00000000a3a00000|100%|HC|  |TAMS 0x00000000a3900000| PB 0x00000000a3900000| Complete 
| 570|0x00000000a3a00000, 0x00000000a3b00000, 0x00000000a3b00000|100%|HS|  |TAMS 0x00000000a3a00000| PB 0x00000000a3a00000| Complete 
| 571|0x00000000a3b00000, 0x00000000a3c00000, 0x00000000a3c00000|100%|HC|  |TAMS 0x00000000a3b00000| PB 0x00000000a3b00000| Complete 
| 572|0x00000000a3c00000, 0x00000000a3d00000, 0x00000000a3d00000|100%|HS|  |TAMS 0x00000000a3c00000| PB 0x00000000a3c00000| Complete 
| 573|0x00000000a3d00000, 0x00000000a3e00000, 0x00000000a3e00000|100%|HC|  |TAMS 0x00000000a3d00000| PB 0x00000000a3d00000| Complete 
| 574|0x00000000a3e00000, 0x00000000a3f00000, 0x00000000a3f00000|100%|HS|  |TAMS 0x00000000a3e00000| PB 0x00000000a3e00000| Complete 
| 575|0x00000000a3f00000, 0x00000000a4000000, 0x00000000a4000000|100%|HC|  |TAMS 0x00000000a3f00000| PB 0x00000000a3f00000| Complete 
| 576|0x00000000a4000000, 0x00000000a4100000, 0x00000000a4100000|100%|HS|  |TAMS 0x00000000a4000000| PB 0x00000000a4000000| Complete 
| 577|0x00000000a4100000, 0x00000000a4200000, 0x00000000a4200000|100%|HC|  |TAMS 0x00000000a4100000| PB 0x00000000a4100000| Complete 
| 578|0x00000000a4200000, 0x00000000a4300000, 0x00000000a4300000|100%|HS|  |TAMS 0x00000000a4200000| PB 0x00000000a4200000| Complete 
| 579|0x00000000a4300000, 0x00000000a4400000, 0x00000000a4400000|100%|HC|  |TAMS 0x00000000a4300000| PB 0x00000000a4300000| Complete 
| 580|0x00000000a4400000, 0x00000000a4500000, 0x00000000a4500000|100%|HS|  |TAMS 0x00000000a4400000| PB 0x00000000a4400000| Complete 
| 581|0x00000000a4500000, 0x00000000a4600000, 0x00000000a4600000|100%|HC|  |TAMS 0x00000000a4500000| PB 0x00000000a4500000| Complete 
| 582|0x00000000a4600000, 0x00000000a4700000, 0x00000000a4700000|100%|HS|  |TAMS 0x00000000a4600000| PB 0x00000000a4600000| Complete 
| 583|0x00000000a4700000, 0x00000000a4800000, 0x00000000a4800000|100%|HC|  |TAMS 0x00000000a4700000| PB 0x00000000a4700000| Complete 
| 584|0x00000000a4800000, 0x00000000a4900000, 0x00000000a4900000|100%|HS|  |TAMS 0x00000000a4800000| PB 0x00000000a4800000| Complete 
| 585|0x00000000a4900000, 0x00000000a4a00000, 0x00000000a4a00000|100%|HC|  |TAMS 0x00000000a4900000| PB 0x00000000a4900000| Complete 
| 586|0x00000000a4a00000, 0x00000000a4b00000, 0x00000000a4b00000|100%|HS|  |TAMS 0x00000000a4a00000| PB 0x00000000a4a00000| Complete 
| 587|0x00000000a4b00000, 0x00000000a4c00000, 0x00000000a4c00000|100%|HC|  |TAMS 0x00000000a4b00000| PB 0x00000000a4b00000| Complete 
| 588|0x00000000a4c00000, 0x00000000a4d00000, 0x00000000a4d00000|100%|HS|  |TAMS 0x00000000a4c00000| PB 0x00000000a4c00000| Complete 
| 589|0x00000000a4d00000, 0x00000000a4e00000, 0x00000000a4e00000|100%|HC|  |TAMS 0x00000000a4d00000| PB 0x00000000a4d00000| Complete 
| 590|0x00000000a4e00000, 0x00000000a4f00000, 0x00000000a4f00000|100%|HS|  |TAMS 0x00000000a4e00000| PB 0x00000000a4e00000| Complete 
| 591|0x00000000a4f00000, 0x00000000a5000000, 0x00000000a5000000|100%|HC|  |TAMS 0x00000000a4f00000| PB 0x00000000a4f00000| Complete 
| 592|0x00000000a5000000, 0x00000000a5100000, 0x00000000a5100000|100%|HS|  |TAMS 0x00000000a5000000| PB 0x00000000a5000000| Complete 
| 593|0x00000000a5100000, 0x00000000a5200000, 0x00000000a5200000|100%|HC|  |TAMS 0x00000000a5100000| PB 0x00000000a5100000| Complete 
| 594|0x00000000a5200000, 0x00000000a5300000, 0x00000000a5300000|100%|HS|  |TAMS 0x00000000a5200000| PB 0x00000000a5200000| Complete 
| 595|0x00000000a5300000, 0x00000000a5400000, 0x00000000a5400000|100%|HC|  |TAMS 0x00000000a5300000| PB 0x00000000a5300000| Complete 
| 596|0x00000000a5400000, 0x00000000a5500000, 0x00000000a5500000|100%|HS|  |TAMS 0x00000000a5400000| PB 0x00000000a5400000| Complete 
| 597|0x00000000a5500000, 0x00000000a5600000, 0x00000000a5600000|100%|HC|  |TAMS 0x00000000a5500000| PB 0x00000000a5500000| Complete 
| 598|0x00000000a5600000, 0x00000000a5700000, 0x00000000a5700000|100%| S|  |TAMS 0x00000000a5600000| PB 0x00000000a5600000| Complete 
| 599|0x00000000a5700000, 0x00000000a5800000, 0x00000000a5800000|100%| S|  |TAMS 0x00000000a5700000| PB 0x00000000a5700000| Complete 
| 600|0x00000000a5800000, 0x00000000a5900000, 0x00000000a5900000|100%| S|  |TAMS 0x00000000a5800000| PB 0x00000000a5800000| Complete 
| 601|0x00000000a5900000, 0x00000000a59eec60, 0x00000000a5a00000| 93%| S|  |TAMS 0x00000000a5900000| PB 0x00000000a5900000| Complete 
|2004|0x00000000fd400000, 0x00000000fd500000, 0x00000000fd500000|100%| E|CS|TAMS 0x00000000fd400000| PB 0x00000000fd400000| Complete 
|2005|0x00000000fd500000, 0x00000000fd600000, 0x00000000fd600000|100%| E|CS|TAMS 0x00000000fd500000| PB 0x00000000fd500000| Complete 
|2006|0x00000000fd600000, 0x00000000fd700000, 0x00000000fd700000|100%| O|CS|TAMS 0x00000000fd600000| PB 0x00000000fd600000| Complete 
|2007|0x00000000fd700000, 0x00000000fd800000, 0x00000000fd800000|100%| O|CS|TAMS 0x00000000fd700000| PB 0x00000000fd700000| Complete 
|2008|0x00000000fd800000, 0x00000000fd900000, 0x00000000fd900000|100%| O|  |TAMS 0x00000000fd800000| PB 0x00000000fd800000| Untracked 
|2009|0x00000000fd900000, 0x00000000fda00000, 0x00000000fda00000|100%| O|  |TAMS 0x00000000fd900000| PB 0x00000000fd900000| Untracked 
|2010|0x00000000fda00000, 0x00000000fdb00000, 0x00000000fdb00000|100%| O|  |TAMS 0x00000000fda00000| PB 0x00000000fda00000| Untracked 
|2011|0x00000000fdb00000, 0x00000000fdc00000, 0x00000000fdc00000|100%| O|  |TAMS 0x00000000fdb00000| PB 0x00000000fdb00000| Untracked 
|2012|0x00000000fdc00000, 0x00000000fdd00000, 0x00000000fdd00000|100%| O|CS|TAMS 0x00000000fdc00000| PB 0x00000000fdc00000| Complete 
|2014|0x00000000fde00000, 0x00000000fdf00000, 0x00000000fdf00000|100%| E|CS|TAMS 0x00000000fde00000| PB 0x00000000fde00000| Complete 
|2015|0x00000000fdf00000, 0x00000000fe000000, 0x00000000fe000000|100%| E|CS|TAMS 0x00000000fdf00000| PB 0x00000000fdf00000| Complete 
|2016|0x00000000fe000000, 0x00000000fe100000, 0x00000000fe100000|100%| O|CS|TAMS 0x00000000fe000000| PB 0x00000000fe000000| Complete 
|2020|0x00000000fe400000, 0x00000000fe500000, 0x00000000fe500000|100%| E|CS|TAMS 0x00000000fe400000| PB 0x00000000fe400000| Complete 
|2021|0x00000000fe500000, 0x00000000fe600000, 0x00000000fe600000|100%| E|CS|TAMS 0x00000000fe500000| PB 0x00000000fe500000| Complete 
|2022|0x00000000fe600000, 0x00000000fe700000, 0x00000000fe700000|100%| O|  |TAMS 0x00000000fe600000| PB 0x00000000fe600000| Untracked 
|2023|0x00000000fe700000, 0x00000000fe800000, 0x00000000fe800000|100%| E|CS|TAMS 0x00000000fe700000| PB 0x00000000fe700000| Complete 
|2024|0x00000000fe800000, 0x00000000fe900000, 0x00000000fe900000|100%| O|  |TAMS 0x00000000fe800000| PB 0x00000000fe800000| Untracked 
|2025|0x00000000fe900000, 0x00000000fea00000, 0x00000000fea00000|100%| O|CS|TAMS 0x00000000fe900000| PB 0x00000000fe900000| Complete 
|2026|0x00000000fea00000, 0x00000000feb00000, 0x00000000feb00000|100%| O|  |TAMS 0x00000000fea00000| PB 0x00000000fea00000| Untracked 
|2027|0x00000000feb00000, 0x00000000fec00000, 0x00000000fec00000|100%| O|CS|TAMS 0x00000000feb00000| PB 0x00000000feb00000| Complete 
|2028|0x00000000fec00000, 0x00000000fed00000, 0x00000000fed00000|100%| E|CS|TAMS 0x00000000fec00000| PB 0x00000000fec00000| Complete 
|2029|0x00000000fed00000, 0x00000000fee00000, 0x00000000fee00000|100%| E|CS|TAMS 0x00000000fed00000| PB 0x00000000fed00000| Complete 
|2030|0x00000000fee00000, 0x00000000fef00000, 0x00000000fef00000|100%| O|  |TAMS 0x00000000fee00000| PB 0x00000000fee00000| Untracked 
|2031|0x00000000fef00000, 0x00000000ff000000, 0x00000000ff000000|100%| O|CS|TAMS 0x00000000fef00000| PB 0x00000000fef00000| Complete 
|2032|0x00000000ff000000, 0x00000000ff100000, 0x00000000ff100000|100%| O|  |TAMS 0x00000000ff000000| PB 0x00000000ff000000| Untracked 
|2033|0x00000000ff100000, 0x00000000ff200000, 0x00000000ff200000|100%| O|  |TAMS 0x00000000ff100000| PB 0x00000000ff100000| Untracked 
|2034|0x00000000ff200000, 0x00000000ff300000, 0x00000000ff300000|100%| O|  |TAMS 0x00000000ff200000| PB 0x00000000ff200000| Untracked 
|2035|0x00000000ff300000, 0x00000000ff400000, 0x00000000ff400000|100%| E|CS|TAMS 0x00000000ff300000| PB 0x00000000ff300000| Complete 
|2036|0x00000000ff400000, 0x00000000ff500000, 0x00000000ff500000|100%| O|  |TAMS 0x00000000ff400000| PB 0x00000000ff400000| Untracked 
|2037|0x00000000ff500000, 0x00000000ff600000, 0x00000000ff600000|100%| O|  |TAMS 0x00000000ff500000| PB 0x00000000ff500000| Untracked 
|2038|0x00000000ff600000, 0x00000000ff700000, 0x00000000ff700000|100%| O|  |TAMS 0x00000000ff600000| PB 0x00000000ff600000| Untracked 
|2039|0x00000000ff700000, 0x00000000ff800000, 0x00000000ff800000|100%| O|  |TAMS 0x00000000ff700000| PB 0x00000000ff700000| Untracked 
|2040|0x00000000ff800000, 0x00000000ff900000, 0x00000000ff900000|100%| O|  |TAMS 0x00000000ff800000| PB 0x00000000ff800000| Untracked 
|2041|0x00000000ff900000, 0x00000000ffa00000, 0x00000000ffa00000|100%| O|  |TAMS 0x00000000ff900000| PB 0x00000000ff900000| Untracked 
|2042|0x00000000ffa00000, 0x00000000ffae3568, 0x00000000ffb00000| 88%| O|  |TAMS 0x00000000ffa00000| PB 0x00000000ffa00000| Untracked 
|2043|0x00000000ffb00000, 0x00000000ffc00000, 0x00000000ffc00000|100%| E|CS|TAMS 0x00000000ffb00000| PB 0x00000000ffb00000| Complete 
|2044|0x00000000ffc00000, 0x00000000ffd00000, 0x00000000ffd00000|100%| O|  |TAMS 0x00000000ffc00000| PB 0x00000000ffc00000| Untracked 
|2045|0x00000000ffd00000, 0x00000000ffe00000, 0x00000000ffe00000|100%| E|CS|TAMS 0x00000000ffd00000| PB 0x00000000ffd00000| Complete 
|2046|0x00000000ffe00000, 0x00000000fff00000, 0x00000000fff00000|100%| E|CS|TAMS 0x00000000ffe00000| PB 0x00000000ffe00000| Complete 
|2047|0x00000000fff00000, 0x0000000100000000, 0x0000000100000000|100%| E|CS|TAMS 0x00000000fff00000| PB 0x00000000fff00000| Complete 

Card table byte_map: [0x000002795f180000,0x000002795f580000] _byte_map_base: 0x000002795ed80000

Marking Bits: (CMBitMap*) 0x000002794c719d30
 Bits: [0x000002795f580000, 0x0000027961580000)

Polling page: 0x000002794a680000

Metaspace:

Usage:
  Non-class:    155.60 MB used.
      Class:     22.66 MB used.
       Both:    178.26 MB used.

Virtual space:
  Non-class space:      192.00 MB reserved,     156.75 MB ( 82%) committed,  3 nodes.
      Class space:        1.00 GB reserved,      24.56 MB (  2%) committed,  1 nodes.
             Both:        1.19 GB reserved,     181.31 MB ( 15%) committed. 

Chunk freelists:
   Non-Class:  2.72 MB
       Class:  8.36 MB
        Both:  11.08 MB

MaxMetaspaceSize: unlimited
CompressedClassSpaceSize: 1.00 GB
Initial GC threshold: 21.00 MB
Current GC threshold: 302.12 MB
CDS: off
 - commit_granule_bytes: 65536.
 - commit_granule_words: 8192.
 - virtual_space_node_default_size: 8388608.
 - enlarge_chunks_in_place: 1.
 - use_allocation_guard: 0.


Internal statistics:

num_allocs_failed_limit: 9.
num_arena_births: 5904.
num_arena_deaths: 2734.
num_vsnodes_births: 4.
num_vsnodes_deaths: 0.
num_space_committed: 2895.
num_space_uncommitted: 0.
num_chunks_returned_to_freelist: 3140.
num_chunks_taken_from_freelist: 14431.
num_chunk_merges: 1115.
num_chunk_splits: 8890.
num_chunks_enlarged: 5579.
num_inconsistent_stats: 0.

CodeHeap 'non-profiled nmethods': size=120000Kb used=35242Kb max_used=35734Kb free=84757Kb
 bounds [0x00000279572f0000, 0x00000279595e0000, 0x000002795e820000]
CodeHeap 'profiled nmethods': size=120000Kb used=34550Kb max_used=46995Kb free=85450Kb
 bounds [0x000002794f820000, 0x0000027952630000, 0x0000027956d50000]
CodeHeap 'non-nmethods': size=5760Kb used=3130Kb max_used=3232Kb free=2629Kb
 bounds [0x0000027956d50000, 0x0000027957090000, 0x00000279572f0000]
 total_blobs=21597 nmethods=20426 adapters=1073
 compilation: enabled
              stopped_count=0, restarted_count=0
 full_count=0

Compilation events (20 events):
Event: 5740.316 Thread 0x000002796445bb20 60097   !   3       java.util.concurrent.ForkJoinPool::createWorker (78 bytes)
Event: 5740.328 Thread 0x000002796445bb20 nmethod 60097 0x0000027950f5c710 code [0x0000027950f5c940, 0x0000027950f5d080]
Event: 5740.806 Thread 0x000002796445a8e0 60098       4       org.gradle.tooling.internal.provider.runner.TaskOperationMapper::createFinishedEvent (38 bytes)
Event: 5740.852 Thread 0x000002796445a8e0 nmethod 60098 0x00000279580b2690 code [0x00000279580b2920, 0x00000279580b3c08]
Event: 5741.398 Thread 0x000002796445bb20 60099       3       org.gradle.cache.internal.DefaultCacheFactory$DirCacheReference::close (49 bytes)
Event: 5741.403 Thread 0x000002796445bb20 nmethod 60099 0x0000027950f5bc90 code [0x0000027950f5bea0, 0x0000027950f5c4c0]
Event: 5741.403 Thread 0x000002796445bb20 60100       3       org.gradle.cache.internal.DefaultCacheFactory::onClose (1 bytes)
Event: 5741.403 Thread 0x000002796445bb20 nmethod 60100 0x0000027950f0f090 code [0x0000027950f0f220, 0x0000027950f0f328]
Event: 5741.403 Thread 0x000002796445bb20 60101   !   3       org.gradle.cache.internal.DefaultPersistentDirectoryStore::close (31 bytes)
Event: 5741.403 Thread 0x000002796445bb20 nmethod 60101 0x0000027950f5b790 code [0x0000027950f5b940, 0x0000027950f5bb78]
Event: 5741.403 Thread 0x000002796445bb20 60102  s    3       org.gradle.cache.internal.DefaultCacheCoordinator::close (51 bytes)
Event: 5741.422 Thread 0x000002796445bb20 nmethod 60102 0x0000027951827210 code [0x0000027951827460, 0x0000027951827df8]
Event: 5741.422 Thread 0x000002796445bb20 60103       3       org.gradle.cache.internal.DefaultCacheCoordinator$$Lambda/0x0000000101835f00::run (8 bytes)
Event: 5741.427 Thread 0x000002796445bb20 nmethod 60103 0x0000027950f5b390 code [0x0000027950f5b540, 0x0000027950f5b680]
Event: 5741.427 Thread 0x000002796445bb20 60104   !   3       org.gradle.cache.internal.DefaultCacheCoordinator::lambda$close$1 (98 bytes)
Event: 5741.817 Thread 0x000002796445bb20 nmethod 60104 0x0000027951826510 code [0x0000027951826740, 0x0000027951826ef8]
Event: 5741.817 Thread 0x000002796445bb20 60105       3       java.util.concurrent.ConcurrentHashMap$CollectionView::retainAll (56 bytes)
Event: 5741.819 Thread 0x000002796445bb20 nmethod 60105 0x0000027951825990 code [0x0000027951825bc0, 0x00000279518262d0]
Event: 5741.825 Thread 0x000002796445bb20 60106   !   3       org.gradle.cache.internal.DefaultCacheCleanupExecutor::getLastCleanupTime (83 bytes)
Event: 5741.833 Thread 0x000002796445bb20 nmethod 60106 0x0000027951afdd10 code [0x0000027951afe0a0, 0x0000027951aff3b0]

GC Heap History (20 events):
Event: 4723.227 GC heap after
{Heap after GC invocations=300 (full 0):
 garbage-first heap   total 570368K, used 174540K [0x0000000080000000, 0x0000000100000000)
  region size 1024K, 25 young (25600K), 25 survivors (25600K)
 Metaspace       used 182004K, committed 185536K, reserved 1245184K
  class space    used 23183K, committed 25152K, reserved 1048576K
}
Event: 5324.795 GC heap before
{Heap before GC invocations=300 (full 0):
 garbage-first heap   total 570368K, used 567756K [0x0000000080000000, 0x0000000100000000)
  region size 1024K, 298 young (305152K), 25 survivors (25600K)
 Metaspace       used 182126K, committed 185536K, reserved 1245184K
  class space    used 23183K, committed 25152K, reserved 1048576K
}
Event: 5324.829 GC heap after
{Heap after GC invocations=301 (full 0):
 garbage-first heap   total 612352K, used 181761K [0x0000000080000000, 0x0000000100000000)
  region size 1024K, 20 young (20480K), 20 survivors (20480K)
 Metaspace       used 182126K, committed 185536K, reserved 1245184K
  class space    used 23183K, committed 25152K, reserved 1048576K
}
Event: 5325.121 GC heap before
{Heap before GC invocations=301 (full 0):
 garbage-first heap   total 612352K, used 195073K [0x0000000080000000, 0x0000000100000000)
  region size 1024K, 34 young (34816K), 20 survivors (20480K)
 Metaspace       used 182126K, committed 185536K, reserved 1245184K
  class space    used 23183K, committed 25152K, reserved 1048576K
}
Event: 5325.130 GC heap after
{Heap after GC invocations=302 (full 0):
 garbage-first heap   total 612352K, used 186638K [0x0000000080000000, 0x0000000100000000)
  region size 1024K, 25 young (25600K), 25 survivors (25600K)
 Metaspace       used 182126K, committed 185536K, reserved 1245184K
  class space    used 23183K, committed 25152K, reserved 1048576K
}
Event: 5326.454 GC heap before
{Heap before GC invocations=303 (full 0):
 garbage-first heap   total 612352K, used 528654K [0x0000000080000000, 0x0000000100000000)
  region size 1024K, 358 young (366592K), 25 survivors (25600K)
 Metaspace       used 182134K, committed 185536K, reserved 1245184K
  class space    used 23183K, committed 25152K, reserved 1048576K
}
Event: 5326.469 GC heap after
{Heap after GC invocations=304 (full 0):
 garbage-first heap   total 612352K, used 196014K [0x0000000080000000, 0x0000000100000000)
  region size 1024K, 32 young (32768K), 32 survivors (32768K)
 Metaspace       used 182134K, committed 185536K, reserved 1245184K
  class space    used 23183K, committed 25152K, reserved 1048576K
}
Event: 5328.271 GC heap before
{Heap before GC invocations=304 (full 0):
 garbage-first heap   total 653312K, used 651694K [0x0000000080000000, 0x0000000100000000)
  region size 1024K, 322 young (329728K), 32 survivors (32768K)
 Metaspace       used 182152K, committed 185536K, reserved 1245184K
  class space    used 23183K, committed 25152K, reserved 1048576K
}
Event: 5328.310 GC heap after
{Heap after GC invocations=305 (full 0):
 garbage-first heap   total 666624K, used 166512K [0x0000000080000000, 0x0000000100000000)
  region size 1024K, 5 young (5120K), 5 survivors (5120K)
 Metaspace       used 182152K, committed 185536K, reserved 1245184K
  class space    used 23183K, committed 25152K, reserved 1048576K
}
Event: 5593.605 GC heap before
{Heap before GC invocations=305 (full 0):
 garbage-first heap   total 666624K, used 328304K [0x0000000080000000, 0x0000000100000000)
  region size 1024K, 165 young (168960K), 5 survivors (5120K)
 Metaspace       used 182182K, committed 185536K, reserved 1245184K
  class space    used 23183K, committed 25152K, reserved 1048576K
}
Event: 5593.645 GC heap after
{Heap after GC invocations=306 (full 0):
 garbage-first heap   total 666624K, used 177308K [0x0000000080000000, 0x0000000100000000)
  region size 1024K, 16 young (16384K), 16 survivors (16384K)
 Metaspace       used 182182K, committed 185536K, reserved 1245184K
  class space    used 23183K, committed 25152K, reserved 1048576K
}
Event: 5607.378 GC heap before
{Heap before GC invocations=307 (full 0):
 garbage-first heap   total 583680K, used 524444K [0x0000000080000000, 0x0000000100000000)
  region size 1024K, 342 young (350208K), 16 survivors (16384K)
 Metaspace       used 182387K, committed 185600K, reserved 1245184K
  class space    used 23198K, committed 25152K, reserved 1048576K
}
Event: 5607.458 GC heap after
{Heap after GC invocations=308 (full 0):
 garbage-first heap   total 583680K, used 193123K [0x0000000080000000, 0x0000000100000000)
  region size 1024K, 34 young (34816K), 34 survivors (34816K)
 Metaspace       used 182387K, committed 185600K, reserved 1245184K
  class space    used 23198K, committed 25152K, reserved 1048576K
}
Event: 5608.034 GC heap before
{Heap before GC invocations=308 (full 0):
 garbage-first heap   total 583680K, used 507491K [0x0000000080000000, 0x0000000100000000)
  region size 1024K, 342 young (350208K), 34 survivors (34816K)
 Metaspace       used 182388K, committed 185600K, reserved 1245184K
  class space    used 23198K, committed 25152K, reserved 1048576K
}
Event: 5608.061 GC heap after
{Heap after GC invocations=309 (full 0):
 garbage-first heap   total 583680K, used 184040K [0x0000000080000000, 0x0000000100000000)
  region size 1024K, 20 young (20480K), 20 survivors (20480K)
 Metaspace       used 182388K, committed 185600K, reserved 1245184K
  class space    used 23198K, committed 25152K, reserved 1048576K
}
Event: 5609.169 GC heap before
{Heap before GC invocations=309 (full 0):
 garbage-first heap   total 583680K, used 444136K [0x0000000080000000, 0x0000000100000000)
  region size 1024K, 276 young (282624K), 20 survivors (20480K)
 Metaspace       used 182441K, committed 185600K, reserved 1245184K
  class space    used 23198K, committed 25152K, reserved 1048576K
}
Event: 5609.179 GC heap after
{Heap after GC invocations=310 (full 0):
 garbage-first heap   total 583680K, used 178920K [0x0000000080000000, 0x0000000100000000)
  region size 1024K, 15 young (15360K), 15 survivors (15360K)
 Metaspace       used 182441K, committed 185600K, reserved 1245184K
  class space    used 23198K, committed 25152K, reserved 1048576K
}
Event: 5735.603 GC heap before
{Heap before GC invocations=311 (full 0):
 garbage-first heap   total 585728K, used 584424K [0x0000000080000000, 0x0000000100000000)
  region size 1024K, 298 young (305152K), 15 survivors (15360K)
 Metaspace       used 182510K, committed 185664K, reserved 1245184K
  class space    used 23199K, committed 25152K, reserved 1048576K
}
Event: 5735.640 GC heap after
{Heap after GC invocations=312 (full 0):
 garbage-first heap   total 616448K, used 194280K [0x0000000080000000, 0x0000000100000000)
  region size 1024K, 30 young (30720K), 30 survivors (30720K)
 Metaspace       used 182510K, committed 185664K, reserved 1245184K
  class space    used 23199K, committed 25152K, reserved 1048576K
}
Event: 5742.036 GC heap before
{Heap before GC invocations=312 (full 0):
 garbage-first heap   total 651264K, used 649960K [0x0000000080000000, 0x0000000100000000)
  region size 1024K, 364 young (372736K), 30 survivors (30720K)
 Metaspace       used 182538K, committed 185664K, reserved 1245184K
  class space    used 23199K, committed 25152K, reserved 1048576K
}

Dll operation events (3 events):
Event: 0.011 Loaded shared library B:\android\jbr\bin\java.dll
Event: 0.021 Loaded shared library B:\android\jbr\bin\zip.dll
Event: 0.687 Loaded shared library B:\android\jbr\bin\verify.dll

Deoptimization events (20 events):
Event: 5607.490 Thread 0x00000279074e33d0 DEOPT UNPACKING pc=0x0000027956da46a2 sp=0x0000008488cfce40 mode 2
Event: 5607.490 Thread 0x0000027908d95390 DEOPT UNPACKING pc=0x0000027956da46a2 sp=0x0000008488bfcc40 mode 2
Event: 5609.918 Thread 0x0000027908c9a820 Uncommon trap: trap_request=0xffffff45 fr.pc=0x0000027958e6aca8 relative=0x0000000000001828
Event: 5609.918 Thread 0x0000027908c9a820 Uncommon trap: reason=unstable_if action=reinterpret pc=0x0000027958e6aca8 method=java.util.concurrent.ThreadPoolExecutor.getTask()Ljava/lang/Runnable; @ 36 c2
Event: 5609.918 Thread 0x0000027908c9a820 DEOPT PACKING pc=0x0000027958e6aca8 sp=0x00000084861fee60
Event: 5609.918 Thread 0x0000027908c9a820 DEOPT UNPACKING pc=0x0000027956da46a2 sp=0x00000084861fee30 mode 2
Event: 5609.918 Thread 0x0000027908c9a820 Uncommon trap: trap_request=0xffffff45 fr.pc=0x0000027957b53ed0 relative=0x0000000000000310
Event: 5609.918 Thread 0x0000027908c9a820 Uncommon trap: reason=unstable_if action=reinterpret pc=0x0000027957b53ed0 method=java.lang.Thread.getAndClearInterrupt()Z @ 6 c2
Event: 5609.918 Thread 0x0000027908c9a820 DEOPT PACKING pc=0x0000027957b53ed0 sp=0x00000084861fed00
Event: 5609.918 Thread 0x0000027908c9a820 DEOPT UNPACKING pc=0x0000027956da46a2 sp=0x00000084861febb0 mode 2
Event: 5723.648 Thread 0x0000027908c9a820 Uncommon trap: trap_request=0xffffff45 fr.pc=0x000002795814a7c8 relative=0x0000000000000288
Event: 5723.648 Thread 0x0000027908c9a820 Uncommon trap: reason=unstable_if action=reinterpret pc=0x000002795814a7c8 method=it.unimi.dsi.fastutil.objects.ReferenceOpenHashSet.shiftKeys(I)V @ 50 c2
Event: 5723.648 Thread 0x0000027908c9a820 DEOPT PACKING pc=0x000002795814a7c8 sp=0x00000084809f88f0
Event: 5723.648 Thread 0x0000027908c9a820 DEOPT UNPACKING pc=0x0000027956da46a2 sp=0x00000084809f8830 mode 2
Event: 5725.764 Thread 0x0000027908c9a820 DEOPT PACKING pc=0x000002794fff6894 sp=0x00000084809f8100
Event: 5725.764 Thread 0x0000027908c9a820 DEOPT UNPACKING pc=0x0000027956da4e42 sp=0x00000084809f7578 mode 0
Event: 5741.429 Thread 0x0000027908c9a820 Uncommon trap: trap_request=0xffffff45 fr.pc=0x00000279579438c4 relative=0x0000000000000c24
Event: 5741.430 Thread 0x0000027908c9a820 Uncommon trap: reason=unstable_if action=reinterpret pc=0x00000279579438c4 method=java.util.concurrent.ConcurrentHashMap$CollectionView.retainAll(Ljava/util/Collection;)Z @ 40 c2
Event: 5741.430 Thread 0x0000027908c9a820 DEOPT PACKING pc=0x00000279579438c4 sp=0x00000084809fd960
Event: 5741.814 Thread 0x0000027908c9a820 DEOPT UNPACKING pc=0x0000027956da46a2 sp=0x00000084809fd930 mode 2

Classes loaded (20 events):
Event: 150.702 Loading class java/lang/StackWalker$ExtendedOption
Event: 150.702 Loading class java/lang/StackWalker$ExtendedOption done
Event: 150.702 Loading class java/lang/StackStreamFactory$StackFrameTraverser
Event: 150.702 Loading class java/lang/StackStreamFactory$StackFrameTraverser done
Event: 150.703 Loading class java/lang/StackStreamFactory$WalkerState
Event: 150.703 Loading class java/lang/StackStreamFactory$WalkerState done
Event: 150.703 Loading class java/lang/StackStreamFactory$StackFrameTraverser$StackFrameBuffer
Event: 150.703 Loading class java/lang/StackStreamFactory$FrameBuffer
Event: 150.703 Loading class java/lang/StackStreamFactory$FrameBuffer done
Event: 150.703 Loading class java/lang/StackStreamFactory$StackFrameTraverser$StackFrameBuffer done
Event: 150.703 Loading class java/util/logging/LogRecord
Event: 150.704 Loading class java/util/logging/LogRecord done
Event: 708.025 Loading class jdk/internal/math/FormattedFPDecimal
Event: 708.025 Loading class jdk/internal/math/FormattedFPDecimal done
Event: 711.806 Loading class java/rmi/server/Unreferenced
Event: 711.806 Loading class java/rmi/server/Unreferenced done
Event: 5593.859 Loading class com/sun/org/apache/xerces/internal/dom/DeferredElementNSImpl
Event: 5593.875 Loading class com/sun/org/apache/xerces/internal/dom/DeferredElementNSImpl done
Event: 5593.880 Loading class com/sun/org/apache/xerces/internal/dom/DeferredAttrNSImpl
Event: 5593.882 Loading class com/sun/org/apache/xerces/internal/dom/DeferredAttrNSImpl done

Classes unloaded (20 events):
Event: 1955.282 Thread 0x00000279643dad80 Unloading class 0x0000000100104000 'java/lang/invoke/LambdaForm$MH+0x0000000100104000'
Event: 1955.282 Thread 0x00000279643dad80 Unloading class 0x00000001000c1400 'java/lang/invoke/LambdaForm$MH+0x00000001000c1400'
Event: 1955.282 Thread 0x00000279643dad80 Unloading class 0x00000001000c1000 'java/lang/invoke/LambdaForm$MH+0x00000001000c1000'
Event: 1955.282 Thread 0x00000279643dad80 Unloading class 0x00000001000c0800 'java/lang/invoke/LambdaForm$MH+0x00000001000c0800'
Event: 2343.263 Thread 0x00000279643dad80 Unloading class 0x0000000101884c00 'java/lang/invoke/LambdaForm$MH+0x0000000101884c00'
Event: 2343.263 Thread 0x00000279643dad80 Unloading class 0x0000000101884800 'java/lang/invoke/LambdaForm$MH+0x0000000101884800'
Event: 2343.263 Thread 0x00000279643dad80 Unloading class 0x0000000101884400 'java/lang/invoke/LambdaForm$MH+0x0000000101884400'
Event: 2343.263 Thread 0x00000279643dad80 Unloading class 0x0000000101830800 'java/lang/invoke/LambdaForm$MH+0x0000000101830800'
Event: 2343.263 Thread 0x00000279643dad80 Unloading class 0x0000000101830400 'java/lang/invoke/LambdaForm$MH+0x0000000101830400'
Event: 2343.263 Thread 0x00000279643dad80 Unloading class 0x0000000101830000 'java/lang/invoke/LambdaForm$MH+0x0000000101830000'
Event: 2343.263 Thread 0x00000279643dad80 Unloading class 0x0000000101816400 'java/lang/invoke/LambdaForm$MH+0x0000000101816400'
Event: 2343.263 Thread 0x00000279643dad80 Unloading class 0x0000000101816000 'java/lang/invoke/LambdaForm$MH+0x0000000101816000'
Event: 2343.263 Thread 0x00000279643dad80 Unloading class 0x0000000101815c00 'java/lang/invoke/LambdaForm$MH+0x0000000101815c00'
Event: 2343.263 Thread 0x00000279643dad80 Unloading class 0x0000000101815800 'java/lang/invoke/LambdaForm$MH+0x0000000101815800'
Event: 2343.263 Thread 0x00000279643dad80 Unloading class 0x0000000101815400 'java/lang/invoke/LambdaForm$MH+0x0000000101815400'
Event: 2343.263 Thread 0x00000279643dad80 Unloading class 0x0000000101815000 'java/lang/invoke/LambdaForm$BMH+0x0000000101815000'
Event: 2761.411 Thread 0x00000279643dad80 Unloading class 0x0000000100d8cc00 'java/lang/invoke/LambdaForm$MH+0x0000000100d8cc00'
Event: 2761.411 Thread 0x00000279643dad80 Unloading class 0x0000000100d8c800 'java/lang/invoke/LambdaForm$MH+0x0000000100d8c800'
Event: 2761.411 Thread 0x00000279643dad80 Unloading class 0x0000000100d8c000 'java/lang/invoke/LambdaForm$MH+0x0000000100d8c000'
Event: 5325.266 Thread 0x00000279643dad80 Unloading class 0x00000001017cc800 'jdk/internal/reflect/GeneratedSerializationConstructorAccessor230'

Classes redefined (0 events):
No events

Internal exceptions (20 events):
Event: 5723.464 Thread 0x0000027908c9a820 Exception <a 'sun/nio/fs/WindowsException'{0x000000009f5a74e8}> (0x000000009f5a74e8) 
thrown [s\src\hotspot\share\prims\jni.cpp, line 537]
Event: 5723.629 Thread 0x0000027908c9a820 Exception <a 'sun/nio/fs/WindowsException'{0x000000009d4e2358}> (0x000000009d4e2358) 
thrown [s\src\hotspot\share\prims\jni.cpp, line 537]
Event: 5723.629 Thread 0x0000027908c9a820 Exception <a 'sun/nio/fs/WindowsException'{0x000000009d4e3918}> (0x000000009d4e3918) 
thrown [s\src\hotspot\share\prims\jni.cpp, line 537]
Event: 5723.629 Thread 0x0000027908c9a820 Exception <a 'sun/nio/fs/WindowsException'{0x000000009d4e5ad8}> (0x000000009d4e5ad8) 
thrown [s\src\hotspot\share\prims\jni.cpp, line 537]
Event: 5726.079 Thread 0x0000027908c9a820 Exception <a 'sun/nio/fs/WindowsException'{0x000000009a2cab80}> (0x000000009a2cab80) 
thrown [s\src\hotspot\share\prims\jni.cpp, line 537]
Event: 5726.080 Thread 0x0000027908c9a820 Exception <a 'sun/nio/fs/WindowsException'{0x000000009a2cc0c8}> (0x000000009a2cc0c8) 
thrown [s\src\hotspot\share\prims\jni.cpp, line 537]
Event: 5726.080 Thread 0x0000027908c9a820 Exception <a 'sun/nio/fs/WindowsException'{0x000000009a2cd660}> (0x000000009a2cd660) 
thrown [s\src\hotspot\share\prims\jni.cpp, line 537]
Event: 5726.080 Thread 0x0000027908c9a820 Exception <a 'sun/nio/fs/WindowsException'{0x000000009a2cebf8}> (0x000000009a2cebf8) 
thrown [s\src\hotspot\share\prims\jni.cpp, line 537]
Event: 5726.583 Thread 0x0000027970a36e30 Exception <a 'sun/nio/fs/WindowsException'{0x0000000099bb8008}> (0x0000000099bb8008) 
thrown [s\src\hotspot\share\prims\jni.cpp, line 537]
Event: 5728.212 Thread 0x0000027970a3b660 Exception <a 'sun/nio/fs/WindowsException'{0x0000000094f2bf78}> (0x0000000094f2bf78) 
thrown [s\src\hotspot\share\prims\jni.cpp, line 537]
Event: 5735.044 Thread 0x0000027970a36e30 Exception <a 'sun/nio/fs/WindowsException'{0x00000000905f1cf0}> (0x00000000905f1cf0) 
thrown [s\src\hotspot\share\prims\jni.cpp, line 537]
Event: 5735.044 Thread 0x0000027970a36e30 Exception <a 'sun/nio/fs/WindowsException'{0x00000000905f35d8}> (0x00000000905f35d8) 
thrown [s\src\hotspot\share\prims\jni.cpp, line 537]
Event: 5735.044 Thread 0x0000027970a36e30 Exception <a 'sun/nio/fs/WindowsException'{0x00000000905f4dd8}> (0x00000000905f4dd8) 
thrown [s\src\hotspot\share\prims\jni.cpp, line 537]
Event: 5737.077 Thread 0x000002790d6e2e10 Exception <a 'sun/nio/fs/WindowsException'{0x000000009f72c010}> (0x000000009f72c010) 
thrown [s\src\hotspot\share\prims\jni.cpp, line 537]
Event: 5737.082 Thread 0x0000027976663db0 Exception <a 'sun/nio/fs/WindowsException'{0x000000009f5a2528}> (0x000000009f5a2528) 
thrown [s\src\hotspot\share\prims\jni.cpp, line 537]
Event: 5738.288 Thread 0x000002790d6e3b30 Exception <a 'sun/nio/fs/WindowsException'{0x000000008f67f8a0}> (0x000000008f67f8a0) 
thrown [s\src\hotspot\share\prims\jni.cpp, line 537]
Event: 5738.469 Thread 0x0000027976451980 Exception <a 'sun/nio/fs/WindowsException'{0x000000008f40be68}> (0x000000008f40be68) 
thrown [s\src\hotspot\share\prims\jni.cpp, line 537]
Event: 5739.858 Thread 0x00000279766657f0 Exception <a 'sun/nio/fs/WindowsException'{0x000000008e34da48}> (0x000000008e34da48) 
thrown [s\src\hotspot\share\prims\jni.cpp, line 537]
Event: 5740.844 Thread 0x0000027908c9a820 Exception <a 'sun/nio/fs/WindowsException'{0x000000008ce6e710}> (0x000000008ce6e710) 
thrown [s\src\hotspot\share\prims\jni.cpp, line 537]
Event: 5740.858 Thread 0x0000027908c9a820 Exception <a 'sun/nio/fs/WindowsException'{0x000000008ceacaa0}> (0x000000008ceacaa0) 
thrown [s\src\hotspot\share\prims\jni.cpp, line 537]

ZGC Phase Switch (0 events):
No events

VM Operations (20 events):
Event: 5651.834 Executing VM operation: HandshakeAllThreads (HandshakeForDeflation) done
Event: 5651.834 Executing VM operation: RendezvousGCThreads
Event: 5651.834 Executing VM operation: RendezvousGCThreads done
Event: 5723.881 Executing VM operation: Cleanup
Event: 5724.198 Executing VM operation: Cleanup done
Event: 5726.198 Executing VM operation: Cleanup
Event: 5726.534 Executing VM operation: Cleanup done
Event: 5728.536 Executing VM operation: Cleanup
Event: 5728.536 Executing VM operation: Cleanup done
Event: 5735.540 Executing VM operation: Cleanup
Event: 5735.540 Executing VM operation: Cleanup done
Event: 5735.603 Executing VM operation: G1CollectForAllocation (G1 Evacuation Pause)
Event: 5735.640 Executing VM operation: G1CollectForAllocation (G1 Evacuation Pause) done
Event: 5737.641 Executing VM operation: Cleanup
Event: 5737.641 Executing VM operation: Cleanup done
Event: 5740.643 Executing VM operation: Cleanup
Event: 5740.643 Executing VM operation: Cleanup done
Event: 5741.644 Executing VM operation: Cleanup
Event: 5741.815 Executing VM operation: Cleanup done
Event: 5741.834 Executing VM operation: G1CollectForAllocation (G1 Evacuation Pause)

Memory protections (0 events):
No events

Nmethod flushes (20 events):
Event: 5609.331 Thread 0x00000279643dad80 flushing  nmethod 0x000002794fbb4710
Event: 5609.331 Thread 0x00000279643dad80 flushing  nmethod 0x000002794ff93810
Event: 5609.331 Thread 0x00000279643dad80 flushing  nmethod 0x0000027950229890
Event: 5609.331 Thread 0x00000279643dad80 flushing  nmethod 0x000002795032a890
Event: 5609.332 Thread 0x00000279643dad80 flushing  nmethod 0x0000027950acb890
Event: 5609.332 Thread 0x00000279643dad80 flushing  nmethod 0x0000027951033d10
Event: 5609.332 Thread 0x00000279643dad80 flushing  nmethod 0x0000027951038390
Event: 5609.332 Thread 0x00000279643dad80 flushing  nmethod 0x0000027959280b90
Event: 5609.332 Thread 0x00000279643dad80 flushing  nmethod 0x000002794fdc0d10
Event: 5609.332 Thread 0x00000279643dad80 flushing  nmethod 0x000002794ff4b910
Event: 5609.332 Thread 0x00000279643dad80 flushing  nmethod 0x0000027950851d10
Event: 5609.332 Thread 0x00000279643dad80 flushing  nmethod 0x00000279508dd690
Event: 5609.332 Thread 0x00000279643dad80 flushing  nmethod 0x00000279503ae090
Event: 5609.332 Thread 0x00000279643dad80 flushing  nmethod 0x00000279511c6590
Event: 5609.332 Thread 0x00000279643dad80 flushing  nmethod 0x00000279511c6f10
Event: 5609.332 Thread 0x00000279643dad80 flushing  nmethod 0x000002795135aa90
Event: 5609.332 Thread 0x00000279643dad80 flushing  nmethod 0x00000279521c4190
Event: 5609.332 Thread 0x00000279643dad80 flushing  nmethod 0x000002794fb4e090
Event: 5609.332 Thread 0x00000279643dad80 flushing  nmethod 0x000002794fff2010
Event: 5609.332 Thread 0x00000279643dad80 flushing  nmethod 0x0000027950af9d10

Events (20 events):
Event: 5742.032 Thread 0x000002796f750aa0 Thread exited: 0x000002796f750aa0
Event: 5742.032 Thread 0x0000027970a40520 Thread exited: 0x0000027970a40520
Event: 5742.034 Thread 0x0000027970a34d60 Thread exited: 0x0000027970a34d60
Event: 5742.034 Thread 0x0000027970a39c20 Thread exited: 0x0000027970a39c20
Event: 5742.034 Thread 0x0000027970a367a0 Thread exited: 0x0000027970a367a0
Event: 5742.034 Thread 0x000002790fcfcca0 Thread exited: 0x000002790fcfcca0
Event: 5742.034 Thread 0x0000027970a41f60 Thread exited: 0x0000027970a41f60
Event: 5742.034 Thread 0x000002796f74c900 Thread exited: 0x000002796f74c900
Event: 5742.034 Thread 0x000002797745aa70 Thread exited: 0x000002797745aa70
Event: 5742.034 Thread 0x0000027970a3ddc0 Thread exited: 0x0000027970a3ddc0
Event: 5742.034 Thread 0x000002790fcfc610 Thread exited: 0x000002790fcfc610
Event: 5742.035 Thread 0x0000027970a40bb0 Thread exited: 0x0000027970a40bb0
Event: 5742.035 Thread 0x000002796e45c9a0 Thread exited: 0x000002796e45c9a0
Event: 5742.035 Thread 0x000002790c5e2850 Thread exited: 0x000002790c5e2850
Event: 5742.035 Thread 0x000002790c5e3570 Thread exited: 0x000002790c5e3570
Event: 5742.035 Thread 0x000002790c5e0780 Thread exited: 0x000002790c5e0780
Event: 5742.035 Thread 0x0000027970a3c380 Thread exited: 0x0000027970a3c380
Event: 5742.035 Thread 0x000002790c5e1b30 Thread exited: 0x000002790c5e1b30
Event: 5742.035 Thread 0x000002796e45b5f0 Thread exited: 0x000002796e45b5f0
Event: 5742.036 Thread 0x000002790fd01b60 Thread exited: 0x000002790fd01b60


Dynamic libraries:
0x00007ff7f50a0000 - 0x00007ff7f50aa000 	B:\android\jbr\bin\java.exe
0x00007ff911310000 - 0x00007ff911508000 	C:\Windows\SYSTEM32\ntdll.dll
0x00007ff910560000 - 0x00007ff910622000 	C:\Windows\System32\KERNEL32.DLL
0x00007ff90eff0000 - 0x00007ff90f2e6000 	C:\Windows\System32\KERNELBASE.dll
0x00007ff90ed90000 - 0x00007ff90ee90000 	C:\Windows\System32\ucrtbase.dll
0x00007ff909540000 - 0x00007ff90955b000 	B:\android\jbr\bin\VCRUNTIME140.dll
0x00007ff8edc50000 - 0x00007ff8edc68000 	B:\android\jbr\bin\jli.dll
0x00007ff90fcb0000 - 0x00007ff90fe4d000 	C:\Windows\System32\USER32.dll
0x00007ff90ecb0000 - 0x00007ff90ecd2000 	C:\Windows\System32\win32u.dll
0x00007ff8f2410000 - 0x00007ff8f26ab000 	C:\Windows\WinSxS\amd64_microsoft.windows.common-controls_6595b64144ccf1df_6.0.19041.6280_none_60bc30a171f2f3f3\COMCTL32.dll
0x00007ff910530000 - 0x00007ff91055b000 	C:\Windows\System32\GDI32.dll
0x00007ff910490000 - 0x00007ff91052e000 	C:\Windows\System32\msvcrt.dll
0x00007ff90ea70000 - 0x00007ff90eb89000 	C:\Windows\System32\gdi32full.dll
0x00007ff90ec10000 - 0x00007ff90ecad000 	C:\Windows\System32\msvcp_win.dll
0x00007ff910630000 - 0x00007ff91065f000 	C:\Windows\System32\IMM32.DLL
0x00007ff90ba40000 - 0x00007ff90ba4c000 	B:\android\jbr\bin\vcruntime140_1.dll
0x00007ff8c0dc0000 - 0x00007ff8c0e4d000 	B:\android\jbr\bin\msvcp140.dll
0x00007ff8a65f0000 - 0x00007ff8a727e000 	B:\android\jbr\bin\server\jvm.dll
0x00007ff90f340000 - 0x00007ff90f3f1000 	C:\Windows\System32\ADVAPI32.dll
0x00007ff910390000 - 0x00007ff91042f000 	C:\Windows\System32\sechost.dll
0x00007ff9111b0000 - 0x00007ff9112d0000 	C:\Windows\System32\RPCRT4.dll
0x00007ff90e9b0000 - 0x00007ff90e9d7000 	C:\Windows\System32\bcrypt.dll
0x00007ff910120000 - 0x00007ff91018b000 	C:\Windows\System32\WS2_32.dll
0x00007ff90e810000 - 0x00007ff90e85b000 	C:\Windows\SYSTEM32\POWRPROF.dll
0x00007ff907850000 - 0x00007ff90785a000 	C:\Windows\SYSTEM32\VERSION.dll
0x00007ff8ff0a0000 - 0x00007ff8ff0c7000 	C:\Windows\SYSTEM32\WINMM.dll
0x00007ff90e7f0000 - 0x00007ff90e802000 	C:\Windows\SYSTEM32\UMPDC.dll
0x00007ff90c850000 - 0x00007ff90c862000 	C:\Windows\SYSTEM32\kernel.appcore.dll
0x00007ff90b2e0000 - 0x00007ff90b2ea000 	B:\android\jbr\bin\jimage.dll
0x00007ff90bd20000 - 0x00007ff90bf21000 	C:\Windows\SYSTEM32\DBGHELP.DLL
0x00007ff90bce0000 - 0x00007ff90bd14000 	C:\Windows\SYSTEM32\dbgcore.DLL
0x00007ff90e9e0000 - 0x00007ff90ea62000 	C:\Windows\System32\bcryptPrimitives.dll
0x00007ff8ee8f0000 - 0x00007ff8ee8fe000 	B:\android\jbr\bin\instrument.dll
0x00007ff906210000 - 0x00007ff906230000 	B:\android\jbr\bin\java.dll
0x00007ff9061f0000 - 0x00007ff906208000 	B:\android\jbr\bin\zip.dll
0x00007ff90f4e0000 - 0x00007ff90fc50000 	C:\Windows\System32\SHELL32.dll
0x00007ff90ca50000 - 0x00007ff90d1f5000 	C:\Windows\SYSTEM32\windows.storage.dll
0x00007ff910e50000 - 0x00007ff9111a3000 	C:\Windows\System32\combase.dll
0x00007ff90e310000 - 0x00007ff90e33b000 	C:\Windows\SYSTEM32\Wldp.dll
0x00007ff910190000 - 0x00007ff91025d000 	C:\Windows\System32\OLEAUT32.dll
0x00007ff9102c0000 - 0x00007ff91036d000 	C:\Windows\System32\SHCORE.dll
0x00007ff90fc50000 - 0x00007ff90fcab000 	C:\Windows\System32\shlwapi.dll
0x00007ff90e8e0000 - 0x00007ff90e904000 	C:\Windows\SYSTEM32\profapi.dll
0x00007ff90b1f0000 - 0x00007ff90b200000 	B:\android\jbr\bin\net.dll
0x00007ff907320000 - 0x00007ff90742a000 	C:\Windows\SYSTEM32\WINHTTP.dll
0x00007ff90e070000 - 0x00007ff90e0da000 	C:\Windows\system32\mswsock.dll
0x00007ff8f1b80000 - 0x00007ff8f1b96000 	B:\android\jbr\bin\nio.dll
0x00007ff908ed0000 - 0x00007ff908ee0000 	B:\android\jbr\bin\verify.dll
0x00007ff8ed200000 - 0x00007ff8ed227000 	C:\Users\ой\.gradle\native\1def1411415f61bf3af743bc5b6707747c0891f09f0c88961ee8f79bc544acac\windows-amd64\native-platform.dll
0x00007ff8bfdd0000 - 0x00007ff8bfe48000 	C:\Users\ой\.gradle\native\0.2.7\x86_64-windows-gnu\gradle-fileevents.dll
0x00007ff8f6260000 - 0x00007ff8f6269000 	B:\android\jbr\bin\management.dll
0x00007ff8f4200000 - 0x00007ff8f420b000 	B:\android\jbr\bin\management_ext.dll
0x00007ff910af0000 - 0x00007ff910af8000 	C:\Windows\System32\PSAPI.DLL
0x00007ff90dd50000 - 0x00007ff90dd8b000 	C:\Windows\SYSTEM32\IPHLPAPI.DLL
0x00007ff910ae0000 - 0x00007ff910ae8000 	C:\Windows\System32\NSI.dll
0x00007ff9060f0000 - 0x00007ff9060f9000 	B:\android\jbr\bin\extnet.dll
0x00007ff90e270000 - 0x00007ff90e288000 	C:\Windows\SYSTEM32\CRYPTSP.dll
0x00007ff90d990000 - 0x00007ff90d9c8000 	C:\Windows\system32\rsaenh.dll
0x00007ff90e860000 - 0x00007ff90e88e000 	C:\Windows\SYSTEM32\USERENV.dll
0x00007ff90e260000 - 0x00007ff90e26c000 	C:\Windows\SYSTEM32\CRYPTBASE.dll
0x00007ff8f3ed0000 - 0x00007ff8f3ed7000 	C:\Windows\system32\wshunix.dll
0x00007ff90dd90000 - 0x00007ff90de5a000 	C:\Windows\SYSTEM32\DNSAPI.dll
0x000000005e960000 - 0x000000005e986000 	C:\Program Files\Bonjour\mdnsNSP.dll
0x00007ff8f5a00000 - 0x00007ff8f5a0a000 	C:\Windows\System32\rasadhlp.dll
0x00007ff8f5df0000 - 0x00007ff8f5e70000 	C:\Windows\System32\fwpuclnt.dll
0x00007ff8d1610000 - 0x00007ff8d1627000 	C:\Windows\system32\napinsp.dll
0x00007ff8d0df0000 - 0x00007ff8d0e0b000 	C:\Windows\system32\pnrpnsp.dll
0x00007ff8e6160000 - 0x00007ff8e617d000 	C:\Windows\system32\wshbth.dll
0x00007ff90ba20000 - 0x00007ff90ba3d000 	C:\Windows\system32\NLAapi.dll
0x00007ff8d05b0000 - 0x00007ff8d05c2000 	C:\Windows\System32\winrnr.dll
0x00007ff90dbe0000 - 0x00007ff90dc13000 	C:\Windows\SYSTEM32\ntmarta.dll
0x00007ff90b240000 - 0x00007ff90b2d4000 	C:\Windows\system32\apphelp.dll
0x00007ff8f1870000 - 0x00007ff8f1877000 	B:\android\jbr\bin\rmi.dll

dbghelp: loaded successfully - version: 4.0.5 - missing functions: none
symbol engine: initialized successfully - sym options: 0x614 - pdb path: .;B:\android\jbr\bin;C:\Windows\SYSTEM32;C:\Windows\WinSxS\amd64_microsoft.windows.common-controls_6595b64144ccf1df_6.0.19041.6280_none_60bc30a171f2f3f3;B:\android\jbr\bin\server;C:\Users\ой\.gradle\native\1def1411415f61bf3af743bc5b6707747c0891f09f0c88961ee8f79bc544acac\windows-amd64;C:\Users\ой\.gradle\native\0.2.7\x86_64-windows-gnu;C:\Program Files\Bonjour

VM Arguments:
jvm_args: --add-opens=java.base/java.lang=ALL-UNNAMED --add-opens=java.base/java.lang.invoke=ALL-UNNAMED --add-opens=java.base/java.util=ALL-UNNAMED --add-opens=java.prefs/java.util.prefs=ALL-UNNAMED --add-exports=jdk.compiler/com.sun.tools.javac.api=ALL-UNNAMED --add-exports=jdk.compiler/com.sun.tools.javac.util=ALL-UNNAMED --add-opens=java.base/java.util=ALL-UNNAMED --add-opens=java.prefs/java.util.prefs=ALL-UNNAMED --add-opens=java.base/java.nio.charset=ALL-UNNAMED --add-opens=java.base/java.net=ALL-UNNAMED --add-opens=java.base/java.util.concurrent.atomic=ALL-UNNAMED --add-opens=java.xml/javax.xml.namespace=ALL-UNNAMED -Xmx2048m -Dfile.encoding=UTF-8 -Duser.country=RU -Duser.language=ru -Duser.variant -javaagent:C:\Users\ой\.gradle\wrapper\dists\gradle-8.13-bin\5xuhj0ry160q40clulazy9h7d\gradle-8.13\lib\agents\gradle-instrumentation-agent-8.13.jar 
java_command: org.gradle.launcher.daemon.bootstrap.GradleDaemon 8.13
java_class_path (initial): C:\Users\ой\.gradle\wrapper\dists\gradle-8.13-bin\5xuhj0ry160q40clulazy9h7d\gradle-8.13\lib\gradle-daemon-main-8.13.jar
Launcher Type: SUN_STANDARD

[Global flags]
     intx CICompilerCount                          = 4                                         {product} {ergonomic}
     uint ConcGCThreads                            = 3                                         {product} {ergonomic}
     uint G1ConcRefinementThreads                  = 10                                        {product} {ergonomic}
   size_t G1HeapRegionSize                         = 1048576                                   {product} {ergonomic}
    uintx GCDrainStackTargetSize                   = 64                                        {product} {ergonomic}
   size_t InitialHeapSize                          = 268435456                                 {product} {ergonomic}
   size_t MarkStackSize                            = 4194304                                   {product} {ergonomic}
   size_t MaxHeapSize                              = 2147483648                                {product} {command line}
   size_t MaxNewSize                               = 1287651328                                {product} {ergonomic}
   size_t MinHeapDeltaBytes                        = 1048576                                   {product} {ergonomic}
   size_t MinHeapSize                              = 8388608                                   {product} {ergonomic}
    uintx NonNMethodCodeHeapSize                   = 5839372                                {pd product} {ergonomic}
    uintx NonProfiledCodeHeapSize                  = 122909434                              {pd product} {ergonomic}
    uintx ProfiledCodeHeapSize                     = 122909434                              {pd product} {ergonomic}
    uintx ReservedCodeCacheSize                    = 251658240                              {pd product} {ergonomic}
     bool SegmentedCodeCache                       = true                                      {product} {ergonomic}
   size_t SoftMaxHeapSize                          = 2147483648                             {manageable} {ergonomic}
     bool UseCompressedOops                        = true                           {product lp64_product} {ergonomic}
     bool UseG1GC                                  = true                                      {product} {ergonomic}
     bool UseLargePagesIndividualAllocation        = false                                  {pd product} {ergonomic}

Logging:
Log output configuration:
 #0: stdout all=warning uptime,level,tags foldmultilines=false
 #1: stderr all=off uptime,level,tags foldmultilines=false

Environment Variables:
PATH=C:\Program Files\Common Files\Oracle\Java\javapath;C:\ProgramData\Oracle\Java\javapath;C:\Program Files (x86)\Common Files\Intel\Shared Libraries\redist\intel64_win\compiler;C:\Program Files (x86)\Common Files\Oracle\Java\javapath;C:\Program Files (x86)\Common Files\Intel\Shared Libraries\redist\intel64\compiler;C:\Windows\system32;C:\Windows;C:\Windows\System32\Wbem;C:\Windows\System32\WindowsPowerShell\v1.0\;C:\Windows\System32\OpenSSH\;C:\Program Files\Calibre2\;C:\Program Files\dotnet\;C:\Program Files (x86)\NVIDIA Corporation\PhysX\Common;C:\Program Files\NVIDIA Corporation\NVIDIA app\NvDLISR;C:\Program Files\AmneziaWG\;C:\Program Files\Git\cmd;C:\Users\ой\AppData\Local\Microsoft\WindowsApps;C:\Users\ой\AppData\Local\Programs\Microsoft VS Code\bin;C:\Users\ой\AppData\Local\GitHubDesktop\bin;C:\Users\ой\AppData\Local\JetBrains\Toolbox\scripts;
USERNAME=ой
OS=Windows_NT
PROCESSOR_IDENTIFIER=AMD64 Family 23 Model 8 Stepping 2, AuthenticAMD
TMP=C:\Users\90C5~1\AppData\Local\Temp
TEMP=C:\Users\90C5~1\AppData\Local\Temp




Periodic native trim disabled

JNI global refs:
JNI global refs: 30, weak refs: 0

JNI global refs memory usage: 835, weak refs: 201

Process memory usage:
Resident Set Size: 827808K (4% of 16707320K total physical memory with 668020K free physical memory)

OOME stack traces (most recent first):
Classloader memory used:
Loader org.gradle.internal.classloader.VisitableURLClassLoader$InstrumentingVisitableURLClassLoader: 70958K
Loader org.gradle.internal.classloader.VisitableURLClassLoader                         : 52376K
Loader bootstrap                                                                       : 36770K
Loader org.gradle.initialization.MixInLegacyTypesClassLoader                           : 14894K
Loader java.net.URLClassLoader                                                         : 5222K
Loader jdk.internal.loader.ClassLoaders$PlatformClassLoader                            : 838K
Loader jdk.internal.reflect.DelegatingClassLoader                                      : 799K
Loader org.gradle.internal.classloader.VisitableURLClassLoader                         : 266K
Loader jdk.internal.loader.ClassLoaders$AppClassLoader                                 : 235K
Loader org.gradle.groovy.scripts.internal.DefaultScriptCompilationHandler$ScriptClassLoader: 143K
Loader org.codehaus.groovy.runtime.callsite.CallSiteClassLoader                        : 29328B
Loader sun.reflect.misc.MethodUtil                                                     : 2984B

Classes loaded by more than one classloader:
Class Program                                                                         : loaded 5 times (x 70B)
Class Build_gradle                                                                    : loaded 3 times (x 128B)
Class Build_gradle$1                                                                  : loaded 3 times (x 72B)
Class com.google.common.base.PairwiseEquivalence                                      : loaded 2 times (x 81B)
Class com.google.common.base.Equivalence$Identity                                     : loaded 2 times (x 80B)
Class com.google.common.collect.RegularImmutableMap$KeySet                            : loaded 2 times (x 150B)
Class ijJvmDebugger1_9ibgb0c06vgio1k19l9go4idw$_run_closure1$_closure2                : loaded 2 times (x 138B)
Class org.gradle.internal.classloader.FilteringClassLoader                            : loaded 2 times (x 103B)
Class kotlin.jvm.internal.CollectionToArray                                           : loaded 2 times (x 69B)
Class kotlin.io.FilesKt__FileTreeWalkKt                                               : loaded 2 times (x 69B)
Class kotlin.sequences.FilteringSequence$iterator$1                                   : loaded 2 times (x 77B)
Class kotlin.sequences.SequencesKt__SequenceBuilderKt                                 : loaded 2 times (x 69B)
Class kotlin.collections.CollectionsKt__ReversedViewsKt                               : loaded 2 times (x 69B)
Class com.google.common.collect.SortedSetMultimap                                     : loaded 2 times (x 68B)
Class com.google.common.cache.LocalCache$ValueIterator                                : loaded 2 times (x 84B)
Class [Lcom.google.common.collect.MapMakerInternalMap$Segment;                        : loaded 2 times (x 67B)
Class com.google.common.io.FileWriteMode                                              : loaded 2 times (x 77B)
Class [Lcom.google.common.base.AbstractIterator$State;                                : loaded 2 times (x 67B)
Class com.google.common.base.CharMatcher$IsEither                                     : loaded 2 times (x 109B)
Class ijKotlinCoroutineJvmDebugInit1_db6y11a4vq12pj0ep3x37huql$_run_closure1          : loaded 2 times (x 137B)
Class org.gradle.internal.classloader.ClassLoaderHierarchy                            : loaded 2 times (x 68B)
Class [Lcom.google.common.cache.RemovalCause;                                         : loaded 2 times (x 67B)
Class com.google.common.collect.AbstractMapBasedMultimap$WrappedCollection            : loaded 2 times (x 122B)
Class com.google.common.collect.ImmutableEnumSet                                      : loaded 2 times (x 144B)
Class com.google.common.util.concurrent.ExecutionError                                : loaded 2 times (x 80B)
Class com.google.common.collect.ImmutableList$1                                       : loaded 2 times (x 95B)
Class org.gradle.api.internal.classpath.ManifestUtil                                  : loaded 2 times (x 69B)
Class com.google.common.io.ByteArrayDataOutput                                        : loaded 2 times (x 68B)
Class com.google.common.collect.RegularImmutableMap                                   : loaded 2 times (x 119B)
Class com.google.common.collect.ImmutableMap$MapViewOfValuesAsSingletonSets           : loaded 2 times (x 124B)
Class com.google.common.reflect.TypeCapture                                           : loaded 2 times (x 69B)
Class com.google.common.cache.LocalCache$Values                                       : loaded 2 times (x 116B)
Class com.google.common.collect.TransformedListIterator                               : loaded 2 times (x 91B)
Class [Lorg.objectweb.asm.Symbol;                                                     : loaded 2 times (x 67B)
Class org.objectweb.asm.ClassVisitor                                                  : loaded 2 times (x 86B)
Class com.google.common.collect.UnmodifiableListIterator                              : loaded 2 times (x 93B)
Class org.jetbrains.kotlin.name.FqNameUnsafe$1                                        : loaded 2 times (x 72B)
Class com.google.common.collect.MapMakerInternalMap$StrongKeyDummyValueEntry$LinkedStrongKeyDummyValueEntry: loaded 2 times (x 80B)
Class com.google.common.collect.MapMakerInternalMap$Strength                          : loaded 2 times (x 78B)
Class com.google.common.base.Platform$JdkPatternCompiler                              : loaded 2 times (x 73B)
Class org.objectweb.asm.MethodTooLargeException                                       : loaded 2 times (x 81B)
Class [Lcom.google.common.cache.CacheBuilder$OneWeigher;                              : loaded 2 times (x 67B)
Class com.google.common.base.Suppliers                                                : loaded 2 times (x 69B)
Class org.gradle.internal.classloader.DefaultClassLoaderFactory                       : loaded 2 times (x 80B)
Class kotlin.sequences.SequencesKt___SequencesKt                                      : loaded 2 times (x 69B)
Class kotlin.collections.AbstractList$Companion                                       : loaded 2 times (x 69B)
Class com.google.common.io.ByteSource$ConcatenatedByteSource                          : loaded 2 times (x 83B)
Class org.apache.commons.io.file.PathUtils                                            : loaded 2 times (x 69B)
Class [Lcom.google.common.collect.AbstractIterator$State;                             : loaded 2 times (x 67B)
Class com.google.common.base.CharMatcher$None                                         : loaded 2 times (x 110B)
Class org.gradle.internal.classloader.ClassLoaderVisitor                              : loaded 2 times (x 74B)
Class [Lcom.google.common.collect.ImmutableMapEntry;                                  : loaded 2 times (x 67B)
Class org.gradle.api.internal.classpath.EffectiveClassPath                            : loaded 2 times (x 88B)
Class kotlin.text.StringsKt__AppendableKt                                             : loaded 2 times (x 69B)
Class com.google.common.collect.CollectSpliterators$1WithCharacteristics              : loaded 2 times (x 88B)
Class [Lorg.apache.commons.io.StandardLineSeparator;                                  : loaded 2 times (x 67B)
Class org.apache.commons.io.output.StringBuilderWriter                                : loaded 2 times (x 98B)
Class com.google.common.collect.ImmutableRangeSet                                     : loaded 2 times (x 113B)
Class com.google.common.collect.ListMultimap                                          : loaded 2 times (x 68B)
Class com.google.common.collect.ImmutableEnumMap                                      : loaded 2 times (x 124B)
Class [Lkotlin.reflect.KCallable;                                                     : loaded 2 times (x 67B)
Class com.google.common.collect.ImmutableSet$SerializedForm                           : loaded 2 times (x 71B)
Class com.google.common.collect.Iterators$EmptyModifiableIterator                     : loaded 2 times (x 84B)
Class com.google.common.base.Splitter                                                 : loaded 2 times (x 70B)
Class com.google.common.collect.Sets$1                                                : loaded 2 times (x 137B)
Class org.objectweb.asm.AnnotationVisitor                                             : loaded 2 times (x 76B)
Class org.gradle.api.internal.DefaultClassPathProvider                                : loaded 2 times (x 74B)
Class kotlin.sequences.Sequence                                                       : loaded 2 times (x 68B)
Class kotlin.text.StringsKt__StringNumberConversionsJVMKt                             : loaded 2 times (x 69B)
Class [Lcom.google.common.base.Function;                                              : loaded 2 times (x 67B)
Class com.google.common.collect.MapMakerInternalMap$Strength$1                        : loaded 2 times (x 78B)
Class com.google.common.collect.Maps$ViewCachingAbstractMap                           : loaded 2 times (x 123B)
Class com.google.common.collect.Sets$2                                                : loaded 2 times (x 137B)
Class [Lorg.gradle.api.internal.ClassPathProvider;                                    : loaded 2 times (x 67B)
Class org.gradle.api.internal.ClassPathProvider                                       : loaded 2 times (x 68B)
Class com.google.common.reflect.Types$ClassOwnership$1                                : loaded 2 times (x 78B)
Class com.google.common.collect.MapMakerInternalMap$Strength$2                        : loaded 2 times (x 78B)
Class com.google.common.base.AbstractIterator$State                                   : loaded 2 times (x 77B)
Class [Lorg.objectweb.asm.AnnotationVisitor;                                          : loaded 2 times (x 67B)
Class com.google.common.collect.Sets$3                                                : loaded 2 times (x 137B)
Class com.google.common.util.concurrent.AbstractFuture$SafeAtomicHelper               : loaded 2 times (x 77B)
Class com.google.common.cache.LocalCache$LocalLoadingCache                            : loaded 2 times (x 132B)
Class org.gradle.internal.service.UnknownServiceException                             : loaded 2 times (x 81B)
Class com.google.common.reflect.Types$ClassOwnership$2                                : loaded 2 times (x 78B)
Class com.google.common.reflect.TypeResolver                                          : loaded 2 times (x 70B)
Class com.google.common.collect.MapMakerInternalMap$StrongValueEntry                  : loaded 2 times (x 68B)
Class com.google.common.io.ByteArrayDataInput                                         : loaded 2 times (x 68B)
Class com.google.common.collect.Sets$4                                                : loaded 2 times (x 137B)
Class org.objectweb.asm.ModuleVisitor                                                 : loaded 2 times (x 79B)
Class com.google.common.cache.LocalCache$Strength$1                                   : loaded 2 times (x 79B)
Class com.google.common.collect.Collections2$FilteredCollection                       : loaded 2 times (x 117B)
Class org.apache.commons.io.output.QueueOutputStream                                  : loaded 2 times (x 85B)
Class com.google.common.reflect.Types$ClassOwnership$3                                : loaded 2 times (x 69B)
Class com.google.common.util.concurrent.SettableFuture                                : loaded 2 times (x 112B)
Class com.google.common.cache.LocalCache$Strength$2                                   : loaded 2 times (x 79B)
Class kotlin.collections.ArraysKt___ArraysJvmKt                                       : loaded 2 times (x 69B)
Class kotlin.collections.CollectionsKt__CollectionsKt                                 : loaded 2 times (x 69B)
Class kotlin.text.StringsKt__RegexExtensionsJVMKt                                     : loaded 2 times (x 69B)
Class [Lcom.google.common.collect.Maps$EntryFunction;                                 : loaded 2 times (x 67B)
Class org.objectweb.asm.Handle                                                        : loaded 2 times (x 70B)
Class com.google.common.collect.Interners$InternerImpl                                : loaded 2 times (x 73B)
Class com.google.common.collect.Interner                                              : loaded 2 times (x 68B)
Class com.google.common.collect.TransformedIterator                                   : loaded 2 times (x 78B)
Class com.google.common.base.Splitter$1                                               : loaded 2 times (x 75B)
Class com.google.common.io.ByteStreams                                                : loaded 2 times (x 69B)
Class com.google.common.cache.LocalCache$Strength$3                                   : loaded 2 times (x 79B)
Class com.google.common.collect.MapDifference                                         : loaded 2 times (x 68B)
Class kotlin._Assertions                                                              : loaded 2 times (x 69B)
Class com.google.common.reflect.Invokable                                             : loaded 2 times (x 101B)
Class com.google.common.collect.MapMaker$Dummy                                        : loaded 2 times (x 77B)
Class org.objectweb.asm.FieldWriter                                                   : loaded 2 times (x 76B)
Class com.google.common.cache.CacheBuilder$NullListener                               : loaded 2 times (x 80B)
Class org.gradle.internal.classpath.TransformedClassPath                              : loaded 2 times (x 94B)
Class org.gradle.internal.classloader.InstrumentingClassLoader                        : loaded 2 times (x 68B)
Class kotlin.jvm.internal.FunctionReference                                           : loaded 2 times (x 120B)
Class kotlin.jvm.internal.FunctionBase                                                : loaded 2 times (x 68B)
Class kotlin.enums.EnumEntriesList                                                    : loaded 2 times (x 221B)
Class com.google.common.collect.Maps$IteratorBasedAbstractMap$1                       : loaded 2 times (x 136B)
Class org.apache.commons.io.output.UnsynchronizedByteArrayOutputStream                : loaded 2 times (x 100B)
Class com.google.common.reflect.Types$ParameterizedTypeImpl                           : loaded 2 times (x 79B)
Class com.google.common.collect.ImmutableListMultimap                                 : loaded 2 times (x 174B)
Class com.google.common.collect.ImmutableRangeSet$AsSet                               : loaded 2 times (x 298B)
Class com.google.common.cache.CacheLoader$FunctionToCacheLoader                       : loaded 2 times (x 73B)
Class com.google.common.collect.Iterators$ArrayItr                                    : loaded 2 times (x 95B)
Class com.google.common.collect.ImmutableCollection$Builder                           : loaded 2 times (x 74B)
Class kotlin.comparisons.ComparisonsKt___ComparisonsJvmKt                             : loaded 2 times (x 69B)
Class kotlin.collections.CollectionsKt__IteratorsJVMKt                                : loaded 2 times (x 69B)
Class org.apache.commons.io.output.ByteArrayOutputStream                              : loaded 2 times (x 100B)
Class com.google.common.reflect.TypeResolver$TypeVariableKey                          : loaded 2 times (x 70B)
Class com.google.common.collect.EmptyImmutableListMultimap                            : loaded 2 times (x 174B)
Class com.google.common.collect.BaseImmutableMultimap                                 : loaded 2 times (x 121B)
Class com.google.common.base.Joiner                                                   : loaded 2 times (x 77B)
Class com.google.common.base.MoreObjects                                              : loaded 2 times (x 69B)
Class org.jetbrains.kotlin.build.report.metrics.GradleBuildTime                       : loaded 2 times (x 84B)
Class [Lorg.objectweb.asm.Attribute;                                                  : loaded 2 times (x 67B)
Class com.google.common.collect.Platform                                              : loaded 2 times (x 69B)
Class [Lorg.objectweb.asm.Type;                                                       : loaded 2 times (x 67B)
Class com.google.common.collect.UnmodifiableIterator                                  : loaded 2 times (x 78B)
Class org.gradle.internal.service.ServiceLocator                                      : loaded 2 times (x 68B)
Class kotlin.Pair                                                                     : loaded 2 times (x 70B)
Class [Lkotlin.Function;                                                              : loaded 2 times (x 67B)
Class org.apache.commons.io.FileExistsException                                       : loaded 2 times (x 80B)
Class com.google.common.base.Ascii                                                    : loaded 2 times (x 69B)
Class com.google.common.collect.SingletonImmutableBiMap                               : loaded 2 times (x 141B)
Class com.google.common.cache.LocalCache$1                                            : loaded 2 times (x 87B)
Class com.google.common.collect.AbstractMapEntry                                      : loaded 2 times (x 79B)
Class kotlin.collections.CollectionsKt___CollectionsKt$withIndex$1                    : loaded 2 times (x 77B)
Class kotlin.io.CloseableKt                                                           : loaded 2 times (x 69B)
Class kotlin.collections.CollectionsKt__MutableCollectionsKt                          : loaded 2 times (x 69B)
Class com.google.common.io.ByteSource$ByteArrayByteSource                             : loaded 2 times (x 83B)
Class com.google.common.collect.AbstractSetMultimap                                   : loaded 2 times (x 172B)
Class com.google.common.reflect.TypeToken$SimpleTypeToken                             : loaded 2 times (x 71B)
Class com.google.common.collect.MapMakerInternalMap$AbstractStrongKeyEntry            : loaded 2 times (x 78B)
Class com.google.common.collect.Sets$ImprovedAbstractSet                              : loaded 2 times (x 133B)
Class com.google.common.collect.ImmutableList$Builder                                 : loaded 2 times (x 75B)
Class com.google.common.collect.AbstractMultimap                                      : loaded 2 times (x 121B)
Class com.google.common.cache.LocalCache$2                                            : loaded 2 times (x 140B)
Class kotlin.reflect.KCallable                                                        : loaded 2 times (x 68B)
Class kotlin.io.TerminateException                                                    : loaded 2 times (x 80B)
Class kotlin.io.FilesKt__FilePathComponentsKt                                         : loaded 2 times (x 69B)
Class com.google.common.collect.ImmutableRangeSet$1                                   : loaded 2 times (x 208B)
Class com.google.common.util.concurrent.AbstractFuture$UnsafeAtomicHelper$1           : loaded 2 times (x 74B)
Class com.google.common.collect.RegularImmutableAsList                                : loaded 2 times (x 215B)
Class com.google.common.base.Optional                                                 : loaded 2 times (x 78B)
Class com.google.common.collect.Range                                                 : loaded 2 times (x 85B)
Class com.google.common.util.concurrent.AbstractFuture$Trusted                        : loaded 2 times (x 68B)
Class com.google.common.collect.Iterators                                             : loaded 2 times (x 69B)
Class [Lorg.jetbrains.kotlin.build.report.metrics.BuildTime;                          : loaded 2 times (x 67B)
Class com.google.common.io.ByteSink$AsCharSink                                        : loaded 2 times (x 78B)
Class com.google.common.collect.Lists$StringAsImmutableList                           : loaded 2 times (x 205B)
Class com.google.common.util.concurrent.UncheckedExecutionException                   : loaded 2 times (x 80B)
Class org.gradle.kotlin.dsl.VersionCatalogAccessorsKt                                 : loaded 2 times (x 69B)
Class org.gradle.internal.InternalTransformer                                         : loaded 2 times (x 68B)
Class kotlin.collections.EmptyList                                                    : loaded 2 times (x 172B)
Class kotlin.collections.MapsKt__MapsJVMKt                                            : loaded 2 times (x 69B)
Class com.google.common.collect.AbstractMapBasedMultimap$KeySet$1                     : loaded 2 times (x 80B)
Class org.objectweb.asm.ClassWriter                                                   : loaded 2 times (x 104B)
Class com.google.common.cache.CacheLoader$UnsupportedLoadingOperationException        : loaded 2 times (x 80B)
Class com.google.common.base.CharMatcher$And                                          : loaded 2 times (x 110B)
Class org.gradle.internal.classloader.ClasspathUtil$1                                 : loaded 2 times (x 74B)
Class com.google.common.collect.FluentIterable$1                                      : loaded 2 times (x 79B)
Class com.google.common.base.Objects                                                  : loaded 2 times (x 69B)
Class org.objectweb.asm.FieldVisitor                                                  : loaded 2 times (x 75B)
Class com.google.common.collect.IndexedImmutableSet                                   : loaded 2 times (x 150B)
Class com.google.common.collect.ImmutableMap$1                                        : loaded 2 times (x 79B)
Class com.google.common.collect.BiMap                                                 : loaded 2 times (x 68B)
Class org.gradle.api.internal.classpath.DefaultModuleRegistry$DefaultModule           : loaded 2 times (x 84B)
Class org.jetbrains.kotlin.name.ClassId                                               : loaded 2 times (x 70B)
Class com.google.common.reflect.Reflection                                            : loaded 2 times (x 69B)
Class com.google.common.base.Absent                                                   : loaded 2 times (x 78B)
Class com.google.common.io.LineReader                                                 : loaded 2 times (x 70B)
Class com.google.common.primitives.Ints                                               : loaded 2 times (x 69B)
Class com.google.common.collect.AbstractIterator                                      : loaded 2 times (x 80B)
Class kotlin.collections.IndexingIterable                                             : loaded 2 times (x 77B)
Class kotlin.collections.ArraysKt__ArraysKt                                           : loaded 2 times (x 69B)
Class com.google.common.collect.FluentIterable$3                                      : loaded 2 times (x 79B)
Class com.google.common.collect.ObjectArrays                                          : loaded 2 times (x 69B)
Class com.google.common.collect.Multiset                                              : loaded 2 times (x 68B)
Class com.google.common.collect.ArrayListMultimapGwtSerializationDependencies         : loaded 2 times (x 170B)
Class com.google.common.collect.AbstractIndexedListIterator                           : loaded 2 times (x 94B)
Class com.google.common.math.MathPreconditions                                        : loaded 2 times (x 69B)
Class kotlin.collections.SetsKt__SetsJVMKt                                            : loaded 2 times (x 69B)
Class kotlin.Function                                                                 : loaded 2 times (x 68B)
Class org.apache.commons.io.output.NullOutputStream                                   : loaded 2 times (x 83B)
Class com.google.common.collect.ImmutableMapEntrySet                                  : loaded 2 times (x 150B)
Class org.gradle.api.internal.classpath.Module                                        : loaded 2 times (x 68B)
Class kotlin.internal.ProgressionUtilKt                                               : loaded 2 times (x 69B)
Class kotlin.io.FileAlreadyExistsException                                            : loaded 2 times (x 80B)
Class com.google.common.cache.Weigher                                                 : loaded 2 times (x 68B)
Class org.gradle.api.internal.classpath.UnknownModuleException                        : loaded 2 times (x 80B)
Class com.google.common.base.Stopwatch                                                : loaded 2 times (x 70B)
Class com.google.common.cache.LocalCache$Strength                                     : loaded 2 times (x 79B)
Class com.google.common.cache.Cache                                                   : loaded 2 times (x 68B)
Class kotlin.collections.IndexingIterator                                             : loaded 2 times (x 77B)
Class org.jetbrains.kotlin.build.report.metrics.BuildMetricsReporter                  : loaded 2 times (x 68B)
Class org.apache.commons.io.filefilter.IOFileFilter                                   : loaded 2 times (x 68B)
Class com.google.common.io.AppendableWriter                                           : loaded 2 times (x 98B)
Class com.google.common.io.Files$2                                                    : loaded 2 times (x 74B)
Class com.google.common.base.NullnessCasts                                            : loaded 2 times (x 69B)
Class com.google.common.util.concurrent.AbstractFuture$Cancellation                   : loaded 2 times (x 70B)
Class com.google.common.collect.ImmutableMap$Builder                                  : loaded 2 times (x 80B)
Class [Lkotlin.reflect.KAnnotatedElement;                                             : loaded 2 times (x 67B)
Class kotlin.io.ByteStreamsKt                                                         : loaded 2 times (x 69B)
Class com.google.common.collect.Maps$EntryFunction$1                                  : loaded 2 times (x 89B)
Class com.google.common.base.Present                                                  : loaded 2 times (x 79B)
Class com.google.common.collect.AbstractMapBasedMultimap$WrappedCollection$WrappedIterator: loaded 2 times (x 82B)
Class com.google.common.cache.RemovalListener                                         : loaded 2 times (x 68B)
Class org.gradle.api.internal.DefaultClassPathRegistry                                : loaded 2 times (x 74B)
Class com.google.common.collect.Maps$EntryFunction$2                                  : loaded 2 times (x 89B)
Class org.apache.commons.io.file.DeleteOption                                         : loaded 2 times (x 68B)
Class com.google.common.reflect.Invokable$ConstructorInvokable                        : loaded 2 times (x 105B)
Class com.google.common.collect.ImmutableMultimap$Keys                                : loaded 2 times (x 164B)
Class com.google.common.primitives.IntsMethodsForWeb                                  : loaded 2 times (x 69B)
Class com.google.common.collect.Multimap                                              : loaded 2 times (x 68B)
Class org.gradle.api.internal.ClassPathRegistry                                       : loaded 2 times (x 68B)
Class org.gradle.internal.classpath.DefaultClassPath$ImmutableUniqueList              : loaded 2 times (x 197B)
Class kotlin.text.StringsKt__StringsJVMKt                                             : loaded 2 times (x 69B)
Class org.apache.commons.io.IOUtils                                                   : loaded 2 times (x 69B)
Class com.google.common.reflect.TypeToken                                             : loaded 2 times (x 71B)
Class com.google.common.collect.NullnessCasts                                         : loaded 2 times (x 69B)
Class com.google.common.collect.MapMakerInternalMap$Segment                           : loaded 2 times (x 140B)
Class com.google.common.base.ExtraObjectsMethodsForWeb                                : loaded 2 times (x 69B)
Class kotlin.collections.SetsKt                                                       : loaded 2 times (x 69B)
Class kotlin.text.StringsKt__IndentKt                                                 : loaded 2 times (x 69B)
Class kotlin.text.StringsKt__StringsKt                                                : loaded 2 times (x 69B)
Class com.google.common.cache.RemovalCause                                            : loaded 2 times (x 78B)
Class com.google.common.io.ByteSink                                                   : loaded 2 times (x 74B)
Class com.google.common.cache.CacheBuilder                                            : loaded 2 times (x 70B)
Class com.google.common.collect.SingletonImmutableList                                : loaded 2 times (x 205B)
Class Settings_gradle$1                                                               : loaded 2 times (x 72B)
Class org.gradle.internal.classpath.ClassPath                                         : loaded 2 times (x 68B)
Class org.gradle.api.UncheckedIOException                                             : loaded 2 times (x 80B)
Class kotlin.reflect.KFunction                                                        : loaded 2 times (x 68B)
Class kotlin.sequences.SequencesKt__SequencesKt$asSequence$$inlined$Sequence$1        : loaded 2 times (x 73B)
Class [Lcom.google.common.reflect.Types$JavaVersion;                                  : loaded 2 times (x 67B)
Class com.google.common.collect.Interners$InternerBuilder                             : loaded 2 times (x 74B)
Class com.google.common.io.Files$FileByteSource                                       : loaded 2 times (x 83B)
Class com.google.common.base.JdkPattern                                               : loaded 2 times (x 73B)
Class com.google.common.collect.ImmutableList$ReverseImmutableList                    : loaded 2 times (x 207B)
Class kotlin.jvm.internal.Lambda                                                      : loaded 2 times (x 73B)
Class kotlin.collections.MapsKt__MapsKt                                               : loaded 2 times (x 69B)
Class com.google.common.io.CharStreams$NullWriter                                     : loaded 2 times (x 97B)
Class org.objectweb.asm.SymbolTable$Entry                                             : loaded 2 times (x 72B)
Class com.google.common.util.concurrent.AbstractFuture$AtomicHelper                   : loaded 2 times (x 76B)
Class org.objectweb.asm.Edge                                                          : loaded 2 times (x 70B)
Class com.google.common.base.Suppliers$SupplierOfInstance                             : loaded 2 times (x 77B)
Class com.google.common.collect.Iterators$1                                           : loaded 2 times (x 79B)
Class kotlin.UninitializedPropertyAccessException                                     : loaded 2 times (x 80B)
Class com.google.common.reflect.TypeToken$1                                           : loaded 2 times (x 108B)
Class com.google.common.cache.LocalCache$ComputingValueReference                      : loaded 2 times (x 94B)
Class com.google.common.collect.SingletonImmutableSet                                 : loaded 2 times (x 144B)
Class com.google.common.collect.ImmutableMap$IteratorBasedImmutableMap                : loaded 2 times (x 124B)
Class com.google.common.reflect.TypeToken$2                                           : loaded 2 times (x 108B)
Class com.google.common.cache.LocalCache$Segment                                      : loaded 2 times (x 152B)
Class [Lcom.google.common.base.Supplier;                                              : loaded 2 times (x 67B)
Class com.google.common.collect.SortedIterable                                        : loaded 2 times (x 68B)
Class com.google.common.collect.AbstractListMultimap                                  : loaded 2 times (x 170B)
Class [Lorg.objectweb.asm.SymbolTable$Entry;                                          : loaded 2 times (x 67B)
Class com.google.common.cache.CacheLoader                                             : loaded 2 times (x 72B)
Class com.google.common.collect.Iterators$4                                           : loaded 2 times (x 80B)
Class com.google.common.collect.ImmutableBiMap                                        : loaded 2 times (x 141B)
Class org.gradle.internal.installation.GradleInstallation$1                           : loaded 2 times (x 73B)
Class org.gradle.api.internal.classpath.ModuleRegistry                                : loaded 2 times (x 68B)
Class org.apache.commons.io.output.NullWriter                                         : loaded 2 times (x 97B)
Class com.google.common.base.Splitter$SplittingIterator                               : loaded 2 times (x 82B)
Class com.google.common.util.concurrent.internal.InternalFutureFailureAccess          : loaded 2 times (x 70B)
Class com.google.common.collect.Iterators$5                                           : loaded 2 times (x 80B)
Class com.google.common.collect.ImmutableSet$JdkBackedSetBuilderImpl                  : loaded 2 times (x 74B)
Class org.jetbrains.kotlin.name.FqNameUnsafe                                          : loaded 2 times (x 70B)
Class com.google.common.collect.Iterators$6                                           : loaded 2 times (x 79B)
Class com.google.common.collect.ImmutableMultimap$Values                              : loaded 2 times (x 124B)
Class com.google.common.util.concurrent.AbstractFuture$UnsafeAtomicHelper             : loaded 2 times (x 76B)
Class com.google.common.cache.LocalCache$LocalManualCache$1                           : loaded 2 times (x 73B)
Class com.google.common.base.CharMatcher$ForPredicate                                 : loaded 2 times (x 110B)
Class ijKotlinCoroutineJvmDebugInit1_db6y11a4vq12pj0ep3x37huql                        : loaded 2 times (x 177B)
Class kotlin.io.FilesKt__UtilsKt                                                      : loaded 2 times (x 69B)
Class kotlin.collections.CollectionsKt__CollectionsJVMKt                              : loaded 2 times (x 69B)
Class com.google.common.collect.Multimaps$CustomSetMultimap                           : loaded 2 times (x 176B)
Class com.google.common.base.CharMatcher$AnyOf                                        : loaded 2 times (x 110B)
Class com.google.common.collect.ImmutableCollection                                   : loaded 2 times (x 123B)
Class org.gradle.api.internal.classpath.DefaultModuleRegistry                         : loaded 2 times (x 84B)
Class kotlin.collections.IndexedValue                                                 : loaded 2 times (x 70B)
Class kotlin.sequences.SequencesKt                                                    : loaded 2 times (x 69B)
Class kotlin.collections.CollectionsKt__IteratorsKt                                   : loaded 2 times (x 69B)
Class org.jetbrains.kotlin.build.report.metrics.GradleBuildTime$Companion             : loaded 2 times (x 69B)
Class com.google.common.collect.Lists                                                 : loaded 2 times (x 69B)
Class com.google.common.util.concurrent.ListenableFuture                              : loaded 2 times (x 68B)
Class com.google.common.cache.ReferenceEntry                                          : loaded 2 times (x 68B)
Class com.google.common.base.Converter                                                : loaded 2 times (x 88B)
Class com.google.common.collect.ImmutableSet$CachingAsList                            : loaded 2 times (x 146B)
Class kotlin.text.StringsKt                                                           : loaded 2 times (x 69B)
Class com.google.common.collect.AbstractMapBasedMultimap                              : loaded 2 times (x 137B)
Class com.google.common.util.concurrent.AbstractFuture                                : loaded 2 times (x 104B)
Class com.google.common.base.FunctionalEquivalence                                    : loaded 2 times (x 81B)
Class com.google.common.collect.Iterators$9                                           : loaded 2 times (x 79B)
Class com.google.common.collect.ImmutableAsList                                       : loaded 2 times (x 207B)
Class kotlin.LazyKt__LazyJVMKt                                                        : loaded 2 times (x 69B)
Class com.google.common.reflect.TypeResolver$TypeTable                                : loaded 2 times (x 71B)
Class com.google.common.io.CharStreams                                                : loaded 2 times (x 69B)
Class com.google.common.collect.ImmutableMultiset                                     : loaded 2 times (x 161B)
Class org.objectweb.asm.RecordComponentVisitor                                        : loaded 2 times (x 75B)
Class com.google.common.cache.CacheLoader$SupplierToCacheLoader                       : loaded 2 times (x 73B)
Class kotlin.io.FilesKt__FileReadWriteKt                                              : loaded 2 times (x 69B)
Class kotlin.text.StringsKt__StringNumberConversionsKt                                : loaded 2 times (x 69B)
Class com.google.common.reflect.TypeResolver$TypeTable$1                              : loaded 2 times (x 71B)
Class com.google.common.collect.Maps$EntryTransformer                                 : loaded 2 times (x 68B)
Class org.gradle.internal.service.ServiceLookupException                              : loaded 2 times (x 80B)
Class com.google.common.base.CharMatcher$JavaLetter                                   : loaded 2 times (x 109B)
Class com.google.common.collect.ImmutableSortedSet                                    : loaded 2 times (x 298B)
Class [Lcom.google.common.cache.LocalCache$EntryFactory;                              : loaded 2 times (x 67B)
Class org.gradle.internal.classloader.ClassLoaderFactory                              : loaded 2 times (x 68B)
Class org.apache.commons.io.CloseableURLConnection                                    : loaded 2 times (x 114B)
Class com.google.common.collect.ImmutableMap$SerializedForm                           : loaded 2 times (x 71B)
Class com.google.common.base.CommonPattern                                            : loaded 2 times (x 72B)
Class com.google.common.cache.LocalCache$LocalManualCache                             : loaded 2 times (x 97B)
Class com.google.common.base.CharMatcher$IsNot                                        : loaded 2 times (x 109B)
Class org.gradle.internal.service.CachingServiceLocator                               : loaded 2 times (x 80B)
Class kotlin.jvm.internal.CallableReference                                           : loaded 2 times (x 104B)
Class com.google.common.collect.AbstractMapBasedMultimap$KeySet                       : loaded 2 times (x 135B)
Class com.google.common.collect.RegularImmutableSortedSet                             : loaded 2 times (x 298B)
Class com.google.common.math.IntMath                                                  : loaded 2 times (x 69B)
Class org.jetbrains.kotlin.build.report.metrics.BuildTime                             : loaded 2 times (x 68B)
Class com.google.common.reflect.Types$TypeVariableInvocationHandler                   : loaded 2 times (x 73B)
Class com.google.common.collect.MapMakerInternalMap$InternalEntry                     : loaded 2 times (x 68B)
Class com.google.common.collect.ImmutableMapEntry                                     : loaded 2 times (x 83B)
Class org.jetbrains.kotlin.name.FqName                                                : loaded 2 times (x 70B)
Class kotlin.enums.EnumEntries                                                        : loaded 2 times (x 68B)
Class org.jetbrains.kotlin.build.report.metrics.DoNothingBuildMetricsReporter         : loaded 2 times (x 84B)
Class com.google.common.base.Predicates                                               : loaded 2 times (x 69B)
Class com.google.common.collect.ImmutableMultimap                                     : loaded 2 times (x 145B)
Class com.google.common.base.Equivalence                                              : loaded 2 times (x 80B)
Class com.google.common.base.Function                                                 : loaded 2 times (x 68B)
Class com.google.common.collect.ImmutableMapEntry$NonTerminalImmutableMapEntry        : loaded 2 times (x 83B)
Class org.jetbrains.kotlin.name.ClassId$Companion                                     : loaded 2 times (x 69B)
Class org.apache.commons.io.output.AbstractByteArrayOutputStream                      : loaded 2 times (x 100B)
Class com.google.common.collect.IndexedImmutableSet$1                                 : loaded 2 times (x 211B)
Class com.google.common.cache.CacheBuilder$OneWeigher                                 : loaded 2 times (x 80B)
Class com.google.common.collect.RegularImmutableList                                  : loaded 2 times (x 211B)
Class ijKotlinCoroutineJvmDebugInit1_db6y11a4vq12pj0ep3x37huql$_run_closure1$_closure2: loaded 2 times (x 137B)
Class com.google.common.collect.Maps$EntryFunction                                    : loaded 2 times (x 89B)
Class com.google.common.reflect.Types$ClassOwnership$1LocalClass                      : loaded 2 times (x 69B)
Class org.gradle.internal.classloader.ClasspathUtil                                   : loaded 2 times (x 69B)
Class kotlin.io.FileSystemException                                                   : loaded 2 times (x 80B)
Class com.google.common.base.Charsets                                                 : loaded 2 times (x 69B)
Class com.google.common.util.concurrent.Uninterruptibles                              : loaded 2 times (x 69B)
Class kotlin.jvm.internal.DefaultConstructorMarker                                    : loaded 2 times (x 69B)
Class com.google.common.io.CharSource                                                 : loaded 2 times (x 83B)
Class com.google.common.collect.AbstractMapBasedMultimap$WrappedSet                   : loaded 2 times (x 140B)
Class com.google.common.collect.Maps                                                  : loaded 2 times (x 69B)
Class org.gradle.api.specs.Spec                                                       : loaded 2 times (x 68B)
Class org.jetbrains.kotlin.name.Name                                                  : loaded 2 times (x 73B)
Class org.apache.commons.io.file.PathFilter                                           : loaded 2 times (x 68B)
Class com.google.common.reflect.Types$JavaVersion                                     : loaded 2 times (x 81B)
Class com.google.common.collect.MapMaker                                              : loaded 2 times (x 70B)
Class [Lcom.google.common.collect.ImmutableEntry;                                     : loaded 2 times (x 67B)
Class com.google.common.collect.Sets$3$1                                              : loaded 2 times (x 80B)
Class com.google.common.cache.LocalCache$LoadingValueReference                        : loaded 2 times (x 94B)
Class kotlin.collections.EmptyIterator                                                : loaded 2 times (x 87B)
Class kotlin.SynchronizedLazyImpl                                                     : loaded 2 times (x 74B)
Class kotlin.text.StringsKt__RegexExtensionsKt                                        : loaded 2 times (x 69B)
Class com.google.common.collect.FluentIterable$2                                      : loaded 2 times (x 79B)
Class com.google.common.reflect.Invokable$MethodInvokable                             : loaded 2 times (x 105B)
Class com.google.common.io.LineReader$1                                               : loaded 2 times (x 73B)
Class com.google.common.collect.CollectSpliterators                                   : loaded 2 times (x 69B)
Class com.google.common.collect.AbstractMapBasedMultimap$AsMap                        : loaded 2 times (x 126B)
Class com.google.common.collect.MapMakerInternalMap$StrongKeyDummyValueEntry          : loaded 2 times (x 80B)
Class com.google.common.base.Platform                                                 : loaded 2 times (x 69B)
Class kotlin.sequences.SequencesKt__SequencesJVMKt                                    : loaded 2 times (x 69B)
Class kotlin.collections.AbstractList                                                 : loaded 2 times (x 195B)
Class kotlin.collections.AbstractCollection                                           : loaded 2 times (x 115B)
Class com.google.common.collect.AbstractMapBasedMultimap$WrappedList                  : loaded 2 times (x 203B)
Class [Lorg.objectweb.asm.AnnotationWriter;                                           : loaded 2 times (x 67B)
Class com.google.common.collect.Maps$8                                                : loaded 2 times (x 80B)
Class kotlin.collections.ArrayAsCollection                                            : loaded 2 times (x 103B)
Class kotlin.LazyKt__LazyKt                                                           : loaded 2 times (x 69B)
Class kotlin.text.StringsKt__StringBuilderJVMKt                                       : loaded 2 times (x 69B)
Class com.google.common.base.Predicates$CompositionPredicate                          : loaded 2 times (x 86B)
Class [Lcom.google.common.collect.Iterators$EmptyModifiableIterator;                  : loaded 2 times (x 67B)
Class com.google.common.collect.ImmutableRangeSet$Builder                             : loaded 2 times (x 75B)
Class com.google.common.collect.Sets$SetView                                          : loaded 2 times (x 136B)
Class com.google.common.cache.LocalCache$StrongValueReference                         : loaded 2 times (x 88B)
Class com.google.common.util.concurrent.AbstractFuture$SynchronizedHelper             : loaded 2 times (x 76B)
Class kotlin.UNINITIALIZED_VALUE                                                      : loaded 2 times (x 69B)
Class com.google.common.graph.SuccessorsFunction                                      : loaded 2 times (x 68B)
Class org.objectweb.asm.Type                                                          : loaded 2 times (x 70B)
Class org.gradle.internal.classloader.VisitableURLClassLoader$InstrumentingVisitableURLClassLoader: loaded 2 times (x 121B)
Class kotlin.comparisons.ComparisonsKt__ComparisonsKt                                 : loaded 2 times (x 69B)
Class kotlin.ranges.RangesKt__RangesKt                                                : loaded 2 times (x 69B)
Class kotlin.collections.SetsKt___SetsKt                                              : loaded 2 times (x 69B)
Class kotlin.sequences.SequencesKt__SequencesKt                                       : loaded 2 times (x 69B)
Class org.apache.commons.io.FileUtils                                                 : loaded 2 times (x 69B)
Class com.google.common.collect.MapMakerInternalMap$StrongKeyDummyValueEntry$Helper   : loaded 2 times (x 77B)
Class com.google.common.io.Files$FileByteSink                                         : loaded 2 times (x 75B)
Class org.objectweb.asm.ByteVector                                                    : loaded 2 times (x 77B)
Class [Lcom.google.common.cache.CacheBuilder$NullListener;                            : loaded 2 times (x 67B)
Class com.google.common.math.IntMath$1                                                : loaded 2 times (x 69B)
Class org.gradle.internal.classloader.VisitableURLClassLoader$Spec                    : loaded 2 times (x 72B)
Class org.gradle.internal.classpath.DefaultClassPath                                  : loaded 2 times (x 88B)
Class kotlin.comparisons.ComparisonsKt                                                : loaded 2 times (x 69B)
Class kotlin.comparisons.ComparisonsKt___ComparisonsKt                                : loaded 2 times (x 69B)
Class kotlin.sequences.FilteringSequence                                              : loaded 2 times (x 73B)
Class [Lorg.jetbrains.kotlin.build.report.metrics.GradleBuildTime;                    : loaded 2 times (x 67B)
Class com.google.common.reflect.Types$ClassOwnership                                  : loaded 2 times (x 78B)
Class com.google.common.base.AbstractIterator                                         : loaded 2 times (x 78B)
Class org.objectweb.asm.Symbol                                                        : loaded 2 times (x 71B)
Class com.google.common.collect.Sets$FilteredSet                                      : loaded 2 times (x 135B)
Class com.google.common.io.Java8Compatibility                                         : loaded 2 times (x 69B)
Class com.google.common.io.Closer                                                     : loaded 2 times (x 76B)
Class com.google.common.base.CharMatcher$Ascii                                        : loaded 2 times (x 110B)
Class com.google.common.base.CharMatcher$BitSetMatcher                                : loaded 2 times (x 110B)
Class com.google.common.collect.RegularImmutableMap$Values                            : loaded 2 times (x 205B)
Class com.google.common.collect.ImmutableSet                                          : loaded 2 times (x 143B)
Class org.gradle.internal.classloader.ClassLoaderSpec                                 : loaded 2 times (x 69B)
Class kotlin.collections.CollectionsKt___CollectionsJvmKt                             : loaded 2 times (x 69B)
Class com.google.common.io.ByteSource$EmptyByteSource                                 : loaded 2 times (x 83B)
Class org.objectweb.asm.AnnotationWriter                                              : loaded 2 times (x 77B)
Class com.google.common.cache.CacheStats                                              : loaded 2 times (x 69B)
Class kotlin.TuplesKt                                                                 : loaded 2 times (x 69B)
Class kotlin.Unit                                                                     : loaded 2 times (x 69B)
Class kotlin.sequences.SequencesKt___SequencesJvmKt                                   : loaded 2 times (x 69B)
Class com.google.common.collect.ImmutableMultisetGwtSerializationDependencies         : loaded 2 times (x 123B)
Class com.google.common.collect.Interners                                             : loaded 2 times (x 69B)
Class com.google.common.io.Closer$Suppressor                                          : loaded 2 times (x 68B)
Class com.google.common.io.LineProcessor                                              : loaded 2 times (x 68B)
Class org.objectweb.asm.RecordComponentWriter                                         : loaded 2 times (x 76B)
Class com.google.common.util.concurrent.AbstractFuture$Listener                       : loaded 2 times (x 70B)
Class com.google.common.base.CharMatcher$Or                                           : loaded 2 times (x 110B)
Class Settings_gradle$1$1                                                             : loaded 2 times (x 72B)
Class kotlin.ranges.RangesKt                                                          : loaded 2 times (x 69B)
Class [Lorg.objectweb.asm.Label;                                                      : loaded 2 times (x 67B)
Class org.objectweb.asm.Attribute                                                     : loaded 2 times (x 75B)
Class com.google.common.base.Supplier                                                 : loaded 2 times (x 68B)
Class org.gradle.internal.classloader.VisitableURLClassLoader                         : loaded 2 times (x 115B)
Class kotlin.collections.ArraysUtilJVM                                                : loaded 2 times (x 69B)
Class kotlin.jvm.functions.Function0                                                  : loaded 2 times (x 68B)
Class com.google.common.collect.ImmutableList$SerializedForm                          : loaded 2 times (x 71B)
Class com.google.common.util.concurrent.AbstractFuture$Waiter                         : loaded 2 times (x 70B)
Class Settings_gradle                                                                 : loaded 2 times (x 126B)
Class org.gradle.internal.Cast                                                        : loaded 2 times (x 69B)
Class org.gradle.api.Action                                                           : loaded 2 times (x 68B)
Class kotlin.jvm.functions.Function1                                                  : loaded 2 times (x 68B)
Class com.google.common.collect.MapMakerInternalMap                                   : loaded 2 times (x 159B)
Class com.google.common.base.Strings                                                  : loaded 2 times (x 69B)
Class com.google.common.collect.Sets                                                  : loaded 2 times (x 69B)
Class org.objectweb.asm.Handler                                                       : loaded 2 times (x 70B)
Class com.google.common.base.Ticker                                                   : loaded 2 times (x 70B)
Class com.google.common.base.CharMatcher$FastMatcher                                  : loaded 2 times (x 109B)
Class kotlin.jvm.functions.Function2                                                  : loaded 2 times (x 68B)
Class com.google.common.cache.RemovalCause$1                                          : loaded 2 times (x 78B)
Class [Lcom.google.common.cache.LocalCache$Segment;                                   : loaded 2 times (x 67B)
Class [Lcom.google.common.cache.LocalCache$Strength;                                  : loaded 2 times (x 67B)
Class com.google.common.cache.CacheBuilder$1                                          : loaded 2 times (x 83B)
Class com.google.common.base.Predicate                                                : loaded 2 times (x 68B)
Class com.google.common.collect.ImmutableMap                                          : loaded 2 times (x 118B)
Class org.gradle.internal.classpath.DefaultClassPath$ImmutableUniqueList$Builder      : loaded 2 times (x 73B)
Class kotlin.jvm.functions.Function3                                                  : loaded 2 times (x 68B)
Class kotlin.collections.MapsKt___MapsJvmKt                                           : loaded 2 times (x 69B)
Class com.google.common.cache.RemovalCause$2                                          : loaded 2 times (x 78B)
Class com.google.common.collect.MapMakerInternalMap$WeakValueReference                : loaded 2 times (x 68B)
Class com.google.common.collect.AbstractRangeSet                                      : loaded 2 times (x 112B)
Class com.google.common.cache.LocalCache                                              : loaded 2 times (x 185B)
Class com.google.common.cache.CacheBuilder$2                                          : loaded 2 times (x 77B)
Class com.google.common.base.CharMatcher$NegatedFastMatcher                           : loaded 2 times (x 111B)
Class kotlin.collections.EmptySet                                                     : loaded 2 times (x 120B)
Class kotlin.collections.CollectionsKt___CollectionsKt                                : loaded 2 times (x 69B)
Class com.google.common.cache.RemovalCause$3                                          : loaded 2 times (x 78B)
Class com.google.common.collect.ArrayListMultimap                                     : loaded 2 times (x 170B)
Class com.google.common.cache.CacheBuilder$3                                          : loaded 2 times (x 70B)
Class [Lcom.google.common.collect.AbstractMapEntry;                                   : loaded 2 times (x 67B)
Class com.google.common.collect.ImmutableEntry                                        : loaded 2 times (x 80B)
Class org.gradle.api.GradleException                                                  : loaded 2 times (x 80B)
Class kotlin.reflect.KDeclarationContainer                                            : loaded 2 times (x 68B)
Class kotlin.text.StringsKt___StringsJvmKt                                            : loaded 2 times (x 69B)
Class com.google.common.cache.RemovalCause$4                                          : loaded 2 times (x 78B)
Class org.apache.commons.io.StandardLineSeparator                                     : loaded 2 times (x 77B)
Class com.google.common.base.Suppliers$MemoizingSupplier                              : loaded 2 times (x 77B)
Class com.google.common.collect.CollectPreconditions                                  : loaded 2 times (x 69B)
Class kotlin.collections.MapsKt___MapsKt                                              : loaded 2 times (x 69B)
Class kotlin.io.FilesKt                                                               : loaded 2 times (x 69B)
Class kotlin.collections.ArraysKt___ArraysKt                                          : loaded 2 times (x 69B)
Class com.google.common.cache.RemovalCause$5                                          : loaded 2 times (x 78B)
Class com.google.common.collect.Maps$AbstractFilteredMap                              : loaded 2 times (x 125B)
Class [Lcom.google.common.collect.MapMakerInternalMap$Strength;                       : loaded 2 times (x 67B)
Class [Lcom.google.common.io.FileWriteMode;                                           : loaded 2 times (x 67B)
Class com.google.common.collect.SortedMapDifference                                   : loaded 2 times (x 68B)
Class kotlin.collections.MapsKt__MapWithDefaultKt                                     : loaded 2 times (x 69B)
Class com.google.common.collect.Iterables$4                                           : loaded 2 times (x 79B)
Class com.google.common.collect.MapMakerInternalMap$StrongKeyDummyValueSegment        : loaded 2 times (x 140B)
Class com.google.common.cache.LocalCache$WriteThroughEntry                            : loaded 2 times (x 77B)
Class com.google.common.cache.LocalCache$HashIterator                                 : loaded 2 times (x 84B)
Class com.google.common.io.Files                                                      : loaded 2 times (x 69B)
Class com.google.common.cache.LocalCache$EntryFactory                                 : loaded 2 times (x 81B)
Class kotlin.collections.CollectionsKt__MutableCollectionsJVMKt                       : loaded 2 times (x 69B)
Class kotlin.enums.EnumEntriesKt                                                      : loaded 2 times (x 69B)
Class kotlin.text.StringsKt___StringsKt                                               : loaded 2 times (x 69B)
Class com.google.common.collect.Iterables$5                                           : loaded 2 times (x 79B)
Class com.google.common.reflect.Types$NativeTypeVariableEquals                        : loaded 2 times (x 69B)
Class com.google.common.reflect.TypeParameter                                         : loaded 2 times (x 70B)
Class [Lcom.google.common.collect.MapMaker$Dummy;                                     : loaded 2 times (x 67B)
Class com.google.common.base.CharMatcher$Whitespace                                   : loaded 2 times (x 110B)
Class com.google.common.base.Splitter$1$1                                             : loaded 2 times (x 84B)
Class com.google.common.cache.LocalCache$AbstractReferenceEntry                       : loaded 2 times (x 105B)
Class org.gradle.internal.IoActions                                                   : loaded 2 times (x 69B)
Class com.google.common.collect.ImmutableMapKeySet                                    : loaded 2 times (x 150B)
Class com.google.common.collect.ImmutableRangeSet$ComplementRanges                    : loaded 2 times (x 205B)
Class org.objectweb.asm.SymbolTable                                                   : loaded 2 times (x 70B)
Class com.google.common.cache.CacheLoader$InvalidCacheLoadException                   : loaded 2 times (x 80B)
Class com.google.common.collect.ImmutableSet$RegularSetBuilderImpl                    : loaded 2 times (x 75B)
Class org.gradle.internal.classloader.SystemClassLoaderSpec                           : loaded 2 times (x 69B)
Class kotlin.reflect.KAnnotatedElement                                                : loaded 2 times (x 68B)
Class kotlin.jvm.internal.Intrinsics                                                  : loaded 2 times (x 69B)
Class com.google.common.collect.FluentIterable                                        : loaded 2 times (x 79B)
Class com.google.common.cache.LocalCache$StrongEntry                                  : loaded 2 times (x 106B)
Class com.google.common.util.concurrent.AbstractFuture$TrustedFuture                  : loaded 2 times (x 112B)
Class com.google.common.cache.LoadingCache                                            : loaded 2 times (x 68B)
Class kotlin.collections.MapsKt                                                       : loaded 2 times (x 69B)
Class kotlin.collections.CollectionsKt__IterablesKt                                   : loaded 2 times (x 69B)
Class com.google.common.base.Suppliers$NonSerializableMemoizingSupplier               : loaded 2 times (x 77B)
Class com.google.common.io.ByteStreams$LimitedInputStream                             : loaded 2 times (x 90B)
Class org.objectweb.asm.MethodWriter                                                  : loaded 2 times (x 104B)
Class [Lcom.google.common.cache.Weigher;                                              : loaded 2 times (x 67B)
Class com.google.common.collect.RegularImmutableMap$BucketOverflowException           : loaded 2 times (x 80B)
Class kotlin.KotlinNullPointerException                                               : loaded 2 times (x 81B)
Class com.google.common.collect.ImmutableMultimap$1                                   : loaded 2 times (x 80B)
Class com.google.common.collect.AbstractMapBasedMultimap$RandomAccessWrappedList      : loaded 2 times (x 203B)
Class kotlin.ranges.RangesKt___RangesKt                                               : loaded 2 times (x 69B)
Class com.google.common.reflect.Types$JavaVersion$1                                   : loaded 2 times (x 81B)
Class com.google.common.collect.AbstractIterator$State                                : loaded 2 times (x 77B)
Class com.google.common.collect.ImmutableMultimap$2                                   : loaded 2 times (x 79B)
Class com.google.common.collect.RegularImmutableBiMap                                 : loaded 2 times (x 147B)
Class com.google.common.cache.LocalCache$ValueReference                               : loaded 2 times (x 68B)
Class com.google.common.base.CharMatcher$Negated                                      : loaded 2 times (x 111B)
Class com.google.common.base.CharMatcher$Is                                           : loaded 2 times (x 109B)
Class kotlin.collections.ArraysKt                                                     : loaded 2 times (x 69B)
Class com.google.common.hash.PrimitiveSink                                            : loaded 2 times (x 68B)
Class com.google.common.reflect.Types$JavaVersion$2                                   : loaded 2 times (x 81B)
Class com.google.common.reflect.Types                                                 : loaded 2 times (x 69B)
Class com.google.common.base.PatternCompiler                                          : loaded 2 times (x 68B)
Class com.google.common.util.concurrent.AbstractFuture$Failure                        : loaded 2 times (x 70B)
Class com.google.common.base.Equivalence$Equals                                       : loaded 2 times (x 80B)
Class com.google.common.collect.Hashing                                               : loaded 2 times (x 69B)
Class com.google.common.base.Preconditions                                            : loaded 2 times (x 69B)
Class ijJvmDebugger1_9ibgb0c06vgio1k19l9go4idw                                        : loaded 2 times (x 177B)
Class kotlin.collections.SetsKt__SetsKt                                               : loaded 2 times (x 69B)
Class kotlin.LazyKt                                                                   : loaded 2 times (x 69B)
Class [Lorg.apache.commons.io.file.DeleteOption;                                      : loaded 2 times (x 67B)
Class com.google.common.reflect.Types$JavaVersion$3                                   : loaded 2 times (x 81B)
Class com.google.common.collect.ImmutableSetMultimap                                  : loaded 2 times (x 178B)
Class com.google.common.io.CharSink                                                   : loaded 2 times (x 77B)
Class com.google.common.base.Joiner$1                                                 : loaded 2 times (x 78B)
Class org.objectweb.asm.Label                                                         : loaded 2 times (x 71B)
Class org.objectweb.asm.CurrentFrame                                                  : loaded 2 times (x 71B)
Class org.objectweb.asm.ClassTooLargeException                                        : loaded 2 times (x 81B)
Class com.google.common.base.CharMatcher                                              : loaded 2 times (x 109B)
Class com.google.common.collect.PeekingIterator                                       : loaded 2 times (x 68B)
Class kotlin.collections.ArraysKt__ArraysJVMKt                                        : loaded 2 times (x 69B)
Class com.google.common.io.ByteSource$AsCharSource                                    : loaded 2 times (x 84B)
Class com.google.common.reflect.Types$JavaVersion$4                                   : loaded 2 times (x 81B)
Class com.google.common.collect.MapMakerInternalMap$InternalEntryHelper               : loaded 2 times (x 68B)
Class com.google.common.collect.Maps$IteratorBasedAbstractMap                         : loaded 2 times (x 123B)
Class com.google.common.collect.Table                                                 : loaded 2 times (x 68B)
Class com.google.common.collect.RangeGwtSerializationDependencies                     : loaded 2 times (x 69B)
Class com.google.common.base.Joiner$2                                                 : loaded 2 times (x 77B)
Class org.objectweb.asm.Frame                                                         : loaded 2 times (x 71B)
Class org.objectweb.asm.MethodVisitor                                                 : loaded 2 times (x 103B)
Class com.google.common.cache.LocalCache$EntryFactory$1                               : loaded 2 times (x 81B)
Class [Lcom.google.common.cache.RemovalListener;                                      : loaded 2 times (x 67B)
Class com.google.common.base.CharMatcher$NamedFastMatcher                             : loaded 2 times (x 110B)
Class com.google.common.base.CharMatcher$1                                            : loaded 2 times (x 111B)
Class kotlin.jvm.internal.CallableReference$NoReceiver                                : loaded 2 times (x 69B)
Class kotlin.text.StringsKt__StringBuilderKt                                          : loaded 2 times (x 69B)
Class com.google.common.reflect.Types$JavaVersion$5                                   : loaded 2 times (x 69B)
Class [Lcom.google.common.reflect.Types$ClassOwnership;                               : loaded 2 times (x 67B)
Class com.google.common.collect.RangeSet                                              : loaded 2 times (x 68B)
Class com.google.common.cache.LocalCache$EntryFactory$2                               : loaded 2 times (x 81B)
Class org.gradle.api.internal.classpath.GlobalCacheRootsProvider                      : loaded 2 times (x 68B)
Class kotlin.Lazy                                                                     : loaded 2 times (x 68B)
Class kotlin.NoWhenBranchMatchedException                                             : loaded 2 times (x 80B)
Class com.google.common.collect.Multimaps                                             : loaded 2 times (x 69B)
Class com.google.common.collect.CollectCollectors                                     : loaded 2 times (x 69B)
Class org.objectweb.asm.ModuleWriter                                                  : loaded 2 times (x 80B)
Class com.google.common.cache.LocalCache$EntryFactory$3                               : loaded 2 times (x 81B)
Class com.google.common.base.Ticker$1                                                 : loaded 2 times (x 70B)
Class com.google.common.collect.Maps$BiMapConverter                                   : loaded 2 times (x 88B)
Class com.google.common.collect.ImmutableMapEntrySet$RegularEntrySet                  : loaded 2 times (x 150B)
Class [Lkotlin.jvm.functions.Function1;                                               : loaded 2 times (x 67B)
Class com.google.common.collect.CollectSpliterators$1                                 : loaded 2 times (x 88B)
Class com.google.common.collect.SetMultimap                                           : loaded 2 times (x 68B)
Class com.google.common.cache.LocalCache$EntryFactory$4                               : loaded 2 times (x 81B)
Class com.google.common.base.CharMatcher$InRange                                      : loaded 2 times (x 109B)
Class com.google.common.collect.ImmutableSet$Builder                                  : loaded 2 times (x 83B)
Class kotlin.sequences.ConstrainedOnceSequence                                        : loaded 2 times (x 73B)
Class com.google.common.io.ByteStreams$1                                              : loaded 2 times (x 83B)
Class com.google.common.cache.LocalCache$EntryFactory$5                               : loaded 2 times (x 81B)
Class kotlin.jvm.internal.markers.KMappedMarker                                       : loaded 2 times (x 68B)
Class kotlin.NotImplementedError                                                      : loaded 2 times (x 80B)
Class org.apache.commons.io.output.AppendableWriter                                   : loaded 2 times (x 98B)
Class com.google.common.cache.LocalCache$EntryFactory$6                               : loaded 2 times (x 81B)
Class org.gradle.internal.installation.CurrentGradleInstallationLocator               : loaded 2 times (x 69B)
Class com.google.common.io.ByteSource$SlicedByteSource                                : loaded 2 times (x 83B)
Class org.apache.commons.io.output.ThresholdingOutputStream                           : loaded 2 times (x 93B)
Class com.google.common.collect.ImmutableMultimap$Builder                             : loaded 2 times (x 84B)
Class org.objectweb.asm.ClassReader                                                   : loaded 2 times (x 92B)
Class com.google.common.collect.Maps$KeySet                                           : loaded 2 times (x 135B)
Class com.google.common.cache.LocalCache$EntryFactory$7                               : loaded 2 times (x 81B)
Class com.google.common.collect.ImmutableSet$EmptySetBuilderImpl                      : loaded 2 times (x 74B)
Class com.google.common.collect.ImmutableList                                         : loaded 2 times (x 204B)
Class org.gradle.internal.service.DefaultServiceLocator                               : loaded 2 times (x 81B)
Class com.google.common.cache.LocalCache$SoftValueReference                           : loaded 2 times (x 95B)
Class com.google.common.collect.ImmutableMultimap$EntryCollection                     : loaded 2 times (x 126B)
Class com.google.common.collect.Maps$EntrySet                                         : loaded 2 times (x 134B)
Class com.google.common.cache.LocalCache$EntryFactory$8                               : loaded 2 times (x 81B)
Class com.google.common.collect.ImmutableSet$SetBuilderImpl                           : loaded 2 times (x 74B)
Class ijJvmDebugger1_9ibgb0c06vgio1k19l9go4idw$_run_closure1                          : loaded 2 times (x 137B)
Class org.gradle.internal.installation.CurrentGradleInstallation                      : loaded 2 times (x 71B)
Class org.objectweb.asm.Opcodes                                                       : loaded 2 times (x 68B)
Class com.google.common.cache.CacheLoader$1                                           : loaded 2 times (x 73B)
Class com.google.common.collect.ForwardingObject                                      : loaded 2 times (x 70B)
Class com.google.common.collect.ImmutableList$SubList                                 : loaded 2 times (x 207B)
Class org.gradle.util.internal.GUtil                                                  : loaded 2 times (x 69B)
Class kotlin.io.NoSuchFileException                                                   : loaded 2 times (x 80B)
Class kotlin.collections.CollectionsKt                                                : loaded 2 times (x 69B)
Class com.google.common.io.ByteSource                                                 : loaded 2 times (x 82B)
Class com.google.common.util.concurrent.AbstractFuture$SetFuture                      : loaded 2 times (x 73B)
Class com.google.common.cache.AbstractCache$StatsCounter                              : loaded 2 times (x 68B)
Class com.google.common.reflect.Types$TypeVariableImpl                                : loaded 2 times (x 70B)
Class com.google.common.io.LineBuffer                                                 : loaded 2 times (x 73B)
Class com.google.common.collect.MapMakerInternalMap$1                                 : loaded 2 times (x 81B)
Class org.objectweb.asm.Context                                                       : loaded 2 times (x 70B)
Class com.google.common.collect.Iterators$MergingIterator                             : loaded 2 times (x 79B)
Class com.google.common.collect.RegularImmutableSet                                   : loaded 2 times (x 147B)
Class org.gradle.internal.installation.GradleInstallation                             : loaded 2 times (x 73B)
Class kotlin.collections.CollectionsKt__IteratorsJVMKt$iterator$1                     : loaded 2 times (x 77B)
Class com.google.common.base.Splitter$Strategy                                        : loaded 2 times (x 68B)
Class com.google.common.collect.Iterables                                             : loaded 2 times (x 69B)
Class kotlin.jvm.KotlinReflectionNotSupportedError                                    : loaded 2 times (x 80B)

---------------  S Y S T E M  ---------------

OS:
 Windows 10 , 64 bit Build 19041 (10.0.19041.5915)
OS uptime: 0 days 16:35 hours

CPU: total 12 (initial active 12) (12 cores per cpu, 2 threads per core) family 23 model 8 stepping 2 microcode 0x0, cx8, cmov, fxsr, ht, mmx, 3dnowpref, sse, sse2, sse3, ssse3, sse4a, sse4.1, sse4.2, popcnt, lzcnt, tsc, tscinvbit, avx, avx2, aes, clmul, bmi1, bmi2, adx, sha, fma, vzeroupper, clflush, clflushopt, rdtscp, f16c
Processor Information for the first 12 processors :
  Max Mhz: 3400, Current Mhz: 3400, Mhz Limit: 3400

Memory: 4k page, system-wide physical 16315M (511M free)
TotalPageFile size 26603M (AvailPageFile size 99M)
current process WorkingSet (physical memory assigned to process): 830M, peak: 2397M
current process commit charge ("private bytes"): 1272M, peak: 2444M

vm_info: OpenJDK 64-Bit Server VM (21.0.7+-13880790-b1038.58) for windows-amd64 JRE (21.0.7+-13880790-b1038.58), built on 2025-08-04T20:56:21Z by "builder" with MS VC++ 16.10 / 16.11 (VS2019)

END.
